card,city,date,event,fightRound,fighterOne,fighterOneUrl,fighterTwo,fighterTwoUrl,method,notes,result,roundTime,weightclass
,San Jose,"March 10, 2006",Strikeforce: Shamrock vs. Gracie,1,Frank Shamrock,/wiki/Frank_Shamrock,Cesar Gracie,,KO (Punches),,def.,00:21,Middleweight
,San Jose,"March 10, 2006",Strikeforce: Shamrock vs. Gracie,5,Clay Guida,/wiki/Clay_Guida,Josh Thomson,/wiki/Josh_Thomson,Decision (Unanimous),,def.,05:00,Lightweight
,San Jose,"March 10, 2006",Strikeforce: Shamrock vs. Gracie,1,Cung Le,/wiki/Cung_Le,Mike Altman,,KO (Punch),,def.,03:51,Middleweight
,San Jose,"March 10, 2006",Strikeforce: Shamrock vs. Gracie,2,Gilbert Melendez,/wiki/Gilbert_Melendez,Harris Sarmiento,/wiki/Harris_Sarmiento,Submission (Punches),,def.,00:44,Lightweight
,San Jose,"March 10, 2006",Strikeforce: Shamrock vs. Gracie,1,Nate Diaz,/wiki/Nate_Diaz,Tony Juarez,,TKO (Punches),,def.,03:23,Lightweight
,San Jose,"March 10, 2006",Strikeforce: Shamrock vs. Gracie,3,Eugene Jackson,,Jorge Ortiz,/wiki/Jorge_Ortiz_(fighter),Decision (Unanimous),,def.,05:00,Middleweight
,San Jose,"March 10, 2006",Strikeforce: Shamrock vs. Gracie,1,Mike Kyle,/wiki/Mike_Kyle,Krzysztof Soszynski,/wiki/Krzysztof_Soszynski,Technical Draw (Thumb to Soszynski's Eye),,vs.,02:02,Heavyweight
,San Jose,"March 10, 2006",Strikeforce: Shamrock vs. Gracie,3,Brian Ebersole,/wiki/Brian_Ebersole,Matt Horwich,/wiki/Matt_Horwich,Decision (Unanimous),,def.,05:00,Light Heavyweight
,San Jose,"March 10, 2006",Strikeforce: Shamrock vs. Gracie,1,Daniel Puder,/wiki/Daniel_Puder,Jesse Fujarczyk,,Submission (Rear-Naked Choke),,def.,01:54,Heavyweight
,San Jose,"March 10, 2006",Strikeforce: Shamrock vs. Gracie,2,Crafton Wallace,/wiki/Crafton_Wallace,Ray Routh,,KO (Knee),,def.,00:35,Middleweight
,San Jose,"March 10, 2006",Strikeforce: Shamrock vs. Gracie,2,Scott Graham,,Chris Yee,,Submission (Rear-Naked Choke),,def.,02:37,Middleweight
,San Jose,"June 9, 2006",Strikeforce: Revenge,3,Alistair Overeem,/wiki/Alistair_Overeem,Vitor Belfort,/wiki/Vitor_Belfort,Decision (Unanimous),,def.,05:00,Light Heavyweight
,San Jose,"June 9, 2006",Strikeforce: Revenge,5,Gilbert Melendez,/wiki/Gilbert_Melendez,Clay Guida,/wiki/Clay_Guida,Decision (Split),,def.,05:00,Lightweight
,San Jose,"June 9, 2006",Strikeforce: Revenge,1,Cung Le,/wiki/Cung_Le,Brian Warren,/wiki/Brian_Warren,TKO (Punches),,def.,04:19,Middleweight
,San Jose,"June 9, 2006",Strikeforce: Revenge,1,Tyson Griffin,/wiki/Tyson_Griffin,Duane Ludwig,/wiki/Duane_Ludwig,TKO (Punches),,def.,03:57,Lightweight
,San Jose,"June 9, 2006",Strikeforce: Revenge,1,Bobby Southworth,/wiki/Bobby_Southworth,James Irvin,/wiki/James_Irvin_(fighter),NC (Both Fighters Fell From Cage),,vs.,00:17,Light Heavyweight
,San Jose,"June 9, 2006",Strikeforce: Revenge,2,Clint Coronel,,Juan Miranda,,Submission (Anaconda Choke),,def.,01:43,Lightweight
,San Jose,"June 9, 2006",Strikeforce: Revenge,1,Chris Amarante,,Sean Bassett,,Submission (Armbar),,def.,04:37,Middleweight
,San Jose,"June 9, 2006",Strikeforce: Revenge,3,Josh Thomson,/wiki/Josh_Thomson,Harris Sarmiento,/wiki/Harris_Sarmiento,Submission (Arm-Triangle Choke),,def.,03:19,Lightweight
,San Jose,"June 9, 2006",Strikeforce: Revenge,2,Eugene Jackson,,Mike Seal,/wiki/Mike_Seal_(fighter),TKO (Punches),,def.,02:49,Middleweight
,San Jose,"June 9, 2006",Strikeforce: Revenge,1,Daniel Puder,/wiki/Daniel_Puder,Tom Tuggle,,Submission (Armbar),,def.,00:28,Heavyweight
,San Jose,"June 9, 2006",Strikeforce: Revenge,2,Jared Hamman,/wiki/Jared_Hamman,Scott Graham,,TKO (Punches),,def.,01:36,Light Heavyweight
,San Jose,"June 9, 2006",Strikeforce: Revenge,1,Luke Stewart,/wiki/Luke_Stewart,Bill Duvall,,Submission (Armbar),,def.,01:15,Middleweight
,"Fresno, California","October 7, 2006",Strikeforce: Tank vs. Buentello,1,Paul Buentello,/wiki/Paul_Buentello,David Abbott,/wiki/Tank_Abbott,KO (Punch),,def.,00:43,Heavyweight
,"Fresno, California","October 7, 2006",Strikeforce: Tank vs. Buentello,2,Josh Thomson,/wiki/Josh_Thomson,Duane Ludwig,/wiki/Duane_Ludwig,Submission (Guillotine Choke),,def.,04:36,Lightweight
,"Fresno, California","October 7, 2006",Strikeforce: Tank vs. Buentello,1,Trevor Prangley,/wiki/Trevor_Prangley,Anthony Ruiz,/wiki/Anthony_Ruiz,Submission (Armbar),,def.,04:42,Light Heavyweight
,"Fresno, California","October 7, 2006",Strikeforce: Tank vs. Buentello,1,Cain Velasquez,/wiki/Cain_Velasquez,Jesse Fujarczyk,,TKO (Punches),,def.,01:58,Heavyweight
,"Fresno, California","October 7, 2006",Strikeforce: Tank vs. Buentello,2,Jason Von Flue,/wiki/Jason_Von_Flue,Eric Wray,,Submission (Arm-Triangle Choke),,def.,02:22,Welteweight
,"Fresno, California","October 7, 2006",Strikeforce: Tank vs. Buentello,1,Casey Olson,/wiki/Casey_Olson,Bobby Sanchez,,Submission (Guillotine Choke),,def.,01:58,Lightweight
,"Fresno, California","October 7, 2006",Strikeforce: Tank vs. Buentello,1,Philip Perez,,Brandon Shuey,,Submission (Triangle Choke),,def.,01:28,Lightweight
,"Fresno, California","October 7, 2006",Strikeforce: Tank vs. Buentello,2,Mike Cook,,Carlton Jones,,Submission (Punches),,def.,02:03,Heavyweight
,"Fresno, California","October 7, 2006",Strikeforce: Tank vs. Buentello,1,Sam Spengler,,Frank Megallon,,TKO (Punches),,def.,02:38,Middleweight
,"Fresno, California","October 7, 2006",Strikeforce: Tank vs. Buentello,1,Luke Stewart,/wiki/Luke_Stewart,Jeremiah Metcalf,/wiki/Jeremiah_Metcalf,Submission (Rear-Naked Choke),,def.,02:29,Middleweight
,San Jose,"December 8, 2006",Strikeforce: Triple Threat,5,Bobby Southworth,/wiki/Bobby_Southworth,Vernon White,/wiki/Vernon_White_(fighter),Decision (unanimous),,def.,05:00,Light Heavyweight
,San Jose,"December 8, 2006",Strikeforce: Triple Threat,2,Paul Buentello,/wiki/Paul_Buentello,Ruben Villareal,,TKO (corner stoppage),,def.,03:57,Heavyweight
,San Jose,"December 8, 2006",Strikeforce: Triple Threat,1,Cung Le,/wiki/Cung_Le,Jason Von Flue,/wiki/Jason_Von_Flue,TKO (Doctor Stoppage),,def.,00:43,Middleweight
,San Jose,"December 8, 2006",Strikeforce: Triple Threat,2,Duane Ludwig,/wiki/Duane_Ludwig,Tony Fryklund,/wiki/Tony_Fryklund,TKO (knee),,def.,03:37,Welterweight
,San Jose,"December 8, 2006",Strikeforce: Triple Threat,3,Josh Thomson,/wiki/Josh_Thomson,Nam Phan,/wiki/Nam_Phan,Decision (unanimous),,def.,05:00,Lightweight
,San Jose,"December 8, 2006",Strikeforce: Triple Threat,1,Eugene Jackson,,Ronald Jhun,/wiki/Ronald_Jhun,Submission (rear-naked choke),,def.,02:01,Middleweight
,San Jose,"December 8, 2006",Strikeforce: Triple Threat,3,Gina Carano,/wiki/Gina_Carano,Elaina Maxwell,/wiki/Elaina_Maxwell,Decision (unanimous),,def.,02:00,Women's Featherweight
,San Jose,"December 8, 2006",Strikeforce: Triple Threat,2,Daniel Puder,/wiki/Daniel_Puder,Mike Cook,,Submission (rear-naked choke),,def.,02:31,Heavyweight
,San Jose,"December 8, 2006",Strikeforce: Triple Threat,1,Rex Richards,,Kyle Levinton,,Submission (kimura),,def.,02:02,Heavyweight
,San Jose,"December 8, 2006",Strikeforce: Triple Threat,3,David Smith,/wiki/David_Smith_(fighter),Sean Bassett,,TKO (punches),,def.,01:36,Lightweight
,San Jose,"December 8, 2006",Strikeforce: Triple Threat,3,Scott Graham,,Drew Dimanlig,,Decision (unanimous),,def.,05:00,Catchweight (194 lb)
,San Jose,"December 8, 2006",Strikeforce: Triple Threat,3,Anthony Figueroa,,David Barrios,,Decision (unanimous),,def.,05:00,Bantamweight
,San Jose,"December 8, 2006",Strikeforce: Triple Threat,1,Raul Castillo,/wiki/Raul_Castillo,Andrew Montanez,,TKO (punches),,def.,02:10,Middleweight
,San Jose,"December 8, 2006",Strikeforce: Triple Threat,1,Jeffrey Cachia,,Abdullah Johari,,Submission (rear-naked choke),,def.,01:21,Catchweight (179 lb)
,"San Jose, California","February 10, 2007",Strikeforce: Young Guns,3,Jose Palacios,,Miguel Linares,,Decision (unanimous),,def.,03:00,
,"San Jose, California","February 10, 2007",Strikeforce: Young Guns,3,Chris Cariaso,/wiki/Chris_Cariaso,Andrew Valladerez,,Decision (unanimous),,def.,03:00,
,"San Jose, California","February 10, 2007",Strikeforce: Young Guns,3,Michelle Maher,,Elaina Maxwell,/wiki/Elaina_Maxwell,Decision (unanimous),,def.,03:00,
,"San Jose, California","February 10, 2007",Strikeforce: Young Guns,1,Nik Theotikos,,Devin Johnson,,TKO (punches),,def.,00:11,
,"San Jose, California","February 10, 2007",Strikeforce: Young Guns,1,Billy Evangelista,/wiki/Billy_Evangelista,Isaiah Hill,,TKO (punches),,def.,01:39,
,"San Jose, California","February 10, 2007",Strikeforce: Young Guns,3,Yohan Banks,,Joey Beltran,/wiki/Joey_Beltran,Decision (unanimous),,def.,03:00,
,"San Jose, California","February 10, 2007",Strikeforce: Young Guns,3,Andrew Montanez,,David Smith,/wiki/David_Smith_(fighter),Decision (unanimous),,def.,03:00,
,"San Jose, California","February 10, 2007",Strikeforce: Young Guns,2,Alvin Cacdac,,Bobby Sanchez,,Submission (heel hook),,def.,01:45,
,"San Jose, California","February 10, 2007",Strikeforce: Young Guns,3,Juan Alcain,,Mario Rivera,,Decision (unanimous),,def.,03:00,
,HP Pavilion at San Jose,"June 22, 2007",Strikeforce: Shamrock vs. Baroni,2,Frank Shamrock,/wiki/Frank_Shamrock,Phil Baroni,/wiki/Phil_Baroni,Submission (rear-naked choke),,def.,04:15,Middleweight
,HP Pavilion at San Jose,"June 22, 2007",Strikeforce: Shamrock vs. Baroni,2,Murilo Rua,/wiki/Murilo_Rua,Joey Villasenor,/wiki/Joey_Villasenor,KO (punches),,def.,01:05,Middleweight
,HP Pavilion at San Jose,"June 22, 2007",Strikeforce: Shamrock vs. Baroni,3,Cung Le,/wiki/Cung_Le,Tony Fryklund,/wiki/Tony_Fryklund,TKO (punches),,def.,00:25,Middleweight
,HP Pavilion at San Jose,"June 22, 2007",Strikeforce: Shamrock vs. Baroni,2,Paul Buentello,/wiki/Paul_Buentello,Carter Williams,/wiki/Carter_Williams,KO (punches),,def.,00:10,Heavyweight
,HP Pavilion at San Jose,"June 22, 2007",Strikeforce: Shamrock vs. Baroni,1,Josh Thomson,/wiki/Josh_Thomson,Nick Gonzalez,/wiki/Nick_Gonzalez,Submission (rear-naked choke),,def.,01:42,Lightweight
,HP Pavilion at San Jose,"June 22, 2007",Strikeforce: Shamrock vs. Baroni,2,Paul Daley,/wiki/Paul_Daley,Duane Ludwig,/wiki/Duane_Ludwig,TKO (punches),,def.,00:32,Welterweight
,HP Pavilion at San Jose,"June 22, 2007",Strikeforce: Shamrock vs. Baroni,2,David Smith,/wiki/David_Smith_(fighter),Sean Bassett,,KO (punch),,def.,01:23,Lightweight
,HP Pavilion at San Jose,"June 22, 2007",Strikeforce: Shamrock vs. Baroni,1,James Edson Berto,/wiki/James_Edson_Berto,Victor Valenzuela,,Submission (heel hook),,def.,00:47,Lightweight
,HP Pavilion at San Jose,"June 22, 2007",Strikeforce: Shamrock vs. Baroni,1,Nik Theotiko,,Nikk Covert,,KO (punch),,def.,01:13,Middleweight
,HP Pavilion at San Jose,"June 22, 2007",Strikeforce: Shamrock vs. Baroni,3,Mike Pyle,/wiki/Mike_Pyle_(fighter),Aaron Wetherspoon,,Decision (unanimous),,def.,05:00,Welterweight
,HP Pavilion at San Jose,"June 22, 2007",Strikeforce: Shamrock vs. Baroni,3,Luke Stewart,/wiki/Luke_Stewart,Jason Von Flue,/wiki/Jason_Von_Flue,TKO (punches),,def.,02:17,Welterweight
,HP Pavilion at San Jose,"June 22, 2007",Strikeforce: Shamrock vs. Baroni,1,Rex Richards,,Ray Seraile,,TKO (punches),,def.,00:35,Heavyweight
,HP Pavilion at San Jose,"June 22, 2007",Strikeforce: Shamrock vs. Baroni,3,Chris Cariaso,/wiki/Chris_Cariaso,Anthony Figueroa,,Decision (unanimous),,def.,05:00,Bantamweight
,HP Pavilion at San Jose,"June 22, 2007",Strikeforce: Shamrock vs. Baroni,1,Jeffrey Cachia,,Shigeru Momoi,,Submission (guillotine choke),,def.,01:58,Catchweight (179 lb)
,HP Pavilion at San Jose,"June 22, 2007",Strikeforce: Shamrock vs. Baroni,2,Seth Kleinbeck,,Sam Spengler,,TKO (punches),,def.,02:55,Middleweight
,"Los Angeles, California","September 29, 2007",Strikeforce: Playboy Mansion,1,Bobby Southworth,/wiki/Bobby_Southworth,Bill Mahood,,Verbal submission (injured ribs),,def.,01:15,Light Heavyweight
,"Los Angeles, California","September 29, 2007",Strikeforce: Playboy Mansion,3,Gilbert Melendez,/wiki/Gilbert_Melendez,Tetsuji Kato,/wiki/Tetsuji_Kato,"Decision (unanimous) (30-27, 30-27, 30-27)",,def.,05:00,Lightweight
,"Los Angeles, California","September 29, 2007",Strikeforce: Playboy Mansion,1,Joe Riggs,/wiki/Joe_Riggs,Eugene Jackson,,KO (punches),,def.,03:56,Middleweight
,"Los Angeles, California","September 29, 2007",Strikeforce: Playboy Mansion,1,Josh Thomson,/wiki/Josh_Thomson,Adam Lynn,,KO (punches),,def.,04:45,Lightweight
,"Los Angeles, California","September 29, 2007",Strikeforce: Playboy Mansion,3,Billy Evangelista,/wiki/Billy_Evangelista,Clint Coronel,,"Decision (split) (28-29, 29-28, 30-27)",,def.,05:00,Lightweight
,"Los Angeles, California","September 29, 2007",Strikeforce: Playboy Mansion,1,Jorge Masvidal,/wiki/Jorge_Masvidal,Matt Lee,,TKO (punches),,def.,01:33,Catchweight (160 lb)
,"Los Angeles, California","September 29, 2007",Strikeforce: Playboy Mansion,1,Falaniko Vitale,/wiki/Falaniko_Vitale,Ron Fields,,Submission (strikes),,def.,03:02,Catchweight (195 lb)
,"Los Angeles, California","September 29, 2007",Strikeforce: Playboy Mansion,3,Daniel Puder,/wiki/Daniel_Puder,Richard Dalton,,"Decision (unanimous) (30-27, 30-27, 30-27)",,def.,05:00,Heavyweight
,"Los Angeles, California","September 29, 2007",Strikeforce: Playboy Mansion,3,Dewey Cooper,/wiki/Dewey_Cooper,Adam Smith,,Decision (unanimous),,def.,05:00,Light Heavyweight
,"Los Angeles, California","September 29, 2007",Strikeforce: Playboy Mansion,1,Daniel McWilliams,,Eddy Millis,,Submission (rear-naked choke),,def.,02:09,Middleweight
,"Los Angeles, California","September 29, 2007",Strikeforce: Playboy Mansion,1,Luke Stewart,/wiki/Luke_Stewart,Sam Liera,,TKO (strikes),,def.,03:40,Welterweight
,"Los Angeles, California","September 29, 2007",Strikeforce: Playboy Mansion,1,Anthony Figueroa,,Miguel Linares,,TKO (strikes),,def.,02:09,Bantamweight
,San Jose,"November 16, 2007","Strikeforce: Four Men Enter, One Man Survives",2,Alistair Overeem,/wiki/Alistair_Overeem,Paul Buentello,/wiki/Paul_Buentello,Submission (knees to the body),,def.,03:42,Heavyweight
,San Jose,"November 16, 2007","Strikeforce: Four Men Enter, One Man Survives",3,Cung Le,/wiki/Cung_Le,Sammy Morgan,/wiki/Sammy_Morgan_(fighter),TKO (body kick),,def.,01:58,Middleweight
,San Jose,"November 16, 2007","Strikeforce: Four Men Enter, One Man Survives",1,Jorge Santiago,/wiki/Jorge_Santiago,Trevor Prangley,/wiki/Trevor_Prangley,TKO (knee to the body),,def.,02:31,Middleweight
,San Jose,"November 16, 2007","Strikeforce: Four Men Enter, One Man Survives",2,Trevor Prangley,/wiki/Trevor_Prangley,Falaniko Vitale,/wiki/Falaniko_Vitale,Decision (referee decision),,def.,02:12,Middleweight
,San Jose,"November 16, 2007","Strikeforce: Four Men Enter, One Man Survives",1,Jorge Santiago,/wiki/Jorge_Santiago,Sean Salmon,/wiki/Sean_Salmon,KO (flying knee),,def.,00:24,Middleweight
,San Jose,"November 16, 2007","Strikeforce: Four Men Enter, One Man Survives",3,Lemont Davis,,Brian Schwartz,,Decision (unanimous),,def.,05:00,Middleweight
,San Jose,"November 16, 2007","Strikeforce: Four Men Enter, One Man Survives",2,Anthony Ruiz,/wiki/Anthony_Ruiz,Bobby Southworth,/wiki/Bobby_Southworth,TKO (doctor stoppage),,def.,00:52,Light Heavyweight
,San Jose,"November 16, 2007","Strikeforce: Four Men Enter, One Man Survives",1,Luke Stewart,/wiki/Luke_Stewart,Bryson Kamaka,,KO (knee),,def.,00:19,Welterweight
,San Jose,"November 16, 2007","Strikeforce: Four Men Enter, One Man Survives",2,Eric Lawson,/wiki/Eric_Lawson,Josh Neal,,Submission (rear-naked choke),,def.,00:20,Middleweight
,San Jose,"November 16, 2007","Strikeforce: Four Men Enter, One Man Survives",3,Anthony Figueroa,,Peter Sabala,,Decision (split),,def.,05:00,Bantamweight
,San Jose,"November 16, 2007","Strikeforce: Four Men Enter, One Man Survives",3,Alex Crispin,,Clint Coronel,,Decision (unanimous),,def.,05:00,Lightweight
,San Jose,"November 16, 2007","Strikeforce: Four Men Enter, One Man Survives",2,Chris Drumm,,Evan Esguerra,,NC (punch to back of the head),,vs.,02:35,Featherweight
,San Jose,"November 16, 2007","Strikeforce: Four Men Enter, One Man Survives",1,Dennis Hallman,/wiki/Dennis_Hallman,Jeremiah Metcalf,/wiki/Jeremiah_Metcalf,Submission (heel hook),,def.,01:39,Middleweight
,"Tacoma, Washington","February 23, 2008",Strikeforce: At The Dome,1,Jan Nortje,/wiki/Jan_Nortje,Bob Sapp,/wiki/Bob_Sapp,TKO (punches),,def.,00:55,Heavyweight
,"Tacoma, Washington","February 23, 2008",Strikeforce: At The Dome,3,Jorge Masvidal,/wiki/Jorge_Masvidal,Ryan Healy,/wiki/Ryan_Healy,Decision (unanimous),,def.,05:00,Lightweight
,"Tacoma, Washington","February 23, 2008",Strikeforce: At The Dome,1,Cory Devela,/wiki/Cory_Devela,Joe Riggs,/wiki/Joe_Riggs,Submission (slam),,def.,01:22,Middleweight
,"Tacoma, Washington","February 23, 2008",Strikeforce: At The Dome,1,Maurice Smith,/wiki/Maurice_Smith_(kickboxer),Rick Roufus,/wiki/Rick_Roufus,Submission (kimura),,def.,01:53,Heavyweight
,"Tacoma, Washington","February 23, 2008",Strikeforce: At The Dome,3,Eddy Ellis,,Steve Berger,/wiki/Steve_Berger,Decision (unanimous),,def.,05:00,Welterweight
,"Tacoma, Washington","February 23, 2008",Strikeforce: At The Dome,2,Mychal Clark,,Josh Bennett,,TKO (swollen eye),,def.,05:00,Heavyweight
,"Tacoma, Washington","February 23, 2008",Strikeforce: At The Dome,3,Lyle Beerbohm,/wiki/Lyle_Beerbohm,Ray Perales,,Submission (guillotine choke),,def.,01:19,Welterweight
,"Tacoma, Washington","February 23, 2008",Strikeforce: At The Dome,3,Mike Hayes,/wiki/Mike_Hayes_(fighter),Matt Kovacs,,Decision (unanimous),,def.,05:00,Heavyweight
,"Tacoma, Washington","February 23, 2008",Strikeforce: At The Dome,3,Zack Skinner,,Scott Shaffer,,Decision (unanimous),,def.,05:00,Featherweight
,"Tacoma, Washington","February 23, 2008",Strikeforce: At The Dome,1,Nathan Coy,/wiki/Nathan_Coy,Dave Courchaine,,KO (punch),,def.,01:46,Welterweight
,HP Pavilion at San Jose,"March 29, 2008",Strikeforce: Shamrock vs. Le,3,Cung Le,/wiki/Cung_Le,Frank Shamrock,/wiki/Frank_Shamrock,TKO (stoppage),,def.,05:00,Middleweight
,HP Pavilion at San Jose,"March 29, 2008",Strikeforce: Shamrock vs. Le,2,Gilbert Melendez,/wiki/Gilbert_Melendez,Gabe Lemley,,TKO (punches),,def.,02:18,Lightweight
,HP Pavilion at San Jose,"March 29, 2008",Strikeforce: Shamrock vs. Le,1,Wayne Cole,,Mike Kyle,/wiki/Mike_Kyle,Submission (armbar),,def.,00:45,Heavyweight
,HP Pavilion at San Jose,"March 29, 2008",Strikeforce: Shamrock vs. Le,1,Joey Villasenor,/wiki/Joey_Villasenor,Ryan Jensen,/wiki/Ryan_Jensen_(fighter),KO (punch),,def.,04:45,Middleweight
,HP Pavilion at San Jose,"March 29, 2008",Strikeforce: Shamrock vs. Le,3,Billy Evangelista,/wiki/Billy_Evangelista,Marlon Sims,,KO (punch),,def.,00:39,Catchweight (162Â lb)
,HP Pavilion at San Jose,"March 29, 2008",Strikeforce: Shamrock vs. Le,1,Drew Fickett,/wiki/Drew_Fickett,Jae Suk Lim,,Submission (guillotine choke),,def.,01:14,Welterweight
,HP Pavilion at San Jose,"March 29, 2008",Strikeforce: Shamrock vs. Le,3,Tiki Ghosn,/wiki/Tiki_Ghosn,Luke Stewart,/wiki/Luke_Stewart,"Decision (unanimous) (29-28, 29-28, 30-27)",,def.,05:00,Welterweight
,HP Pavilion at San Jose,"March 29, 2008",Strikeforce: Shamrock vs. Le,1,Darren Uyenoyama,/wiki/Darren_Uyenoyama,Anthony Figueroa,,Submission (guillotine choke),,def.,01:27,Bantamweight
,HP Pavilion at San Jose,"March 29, 2008",Strikeforce: Shamrock vs. Le,1,Jesse Jones,,Jesse Gillespie,,TKO (punches),,def.,00:35,Catchweight (180Â lb)
,San Jose,"June 27, 2008",Strikeforce: Melendez vs. Thomson,5,Josh Thomson,/wiki/Josh_Thomson,Gilbert Melendez,/wiki/Gilbert_Melendez,Decision (unanimous),,def.,05:00,Lightweight
,San Jose,"June 27, 2008",Strikeforce: Melendez vs. Thomson,5,Bobby Southworth,/wiki/Bobby_Southworth,Anthony Ruiz,/wiki/Anthony_Ruiz,Decision (unanimous),,def.,05:00,Light Heavyweight
,San Jose,"June 27, 2008",Strikeforce: Melendez vs. Thomson,3,Billy Evangelista,/wiki/Billy_Evangelista,Nam Phan,/wiki/Nam_Phan,Decision (split),,def.,05:00,Lightweight
,San Jose,"June 27, 2008",Strikeforce: Melendez vs. Thomson,1,Eric Lawson,,Jesse Gillespie,,Submission (rear-naked choke),,def.,01:03,Middleweight
,San Jose,"June 27, 2008",Strikeforce: Melendez vs. Thomson,3,Miesha Tate,/wiki/Miesha_Tate,Elaina Maxwell,/wiki/Elaina_Maxwell,Decision (unanimous),,def.,05:00,Women's Featherweight
,San Jose,"June 27, 2008",Strikeforce: Melendez vs. Thomson,2,Jeremiah Metcalf,/wiki/Jeremiah_Metcalf,Raymond Daniels,/wiki/Raymond_Daniels_(martial_artist),Submission (rear-naked choke),,def.,00:59,Middleweight
,San Jose,"June 27, 2008",Strikeforce: Melendez vs. Thomson,2,Chris Cariaso,/wiki/Chris_Cariaso,Anthony Figueroa,,Submission (rear-naked choke),,def.,04:34,Bantamweight
,San Jose,"June 27, 2008",Strikeforce: Melendez vs. Thomson,3,Bobby Stack,,Jose Palacios,,Decision (unanimous),,def.,05:00,Lightweight
,San Jose,"June 27, 2008",Strikeforce: Melendez vs. Thomson,1,Bryan Caraway,/wiki/Bryan_Caraway,Scott Garland,/wiki/Scott_Garland_(wrestler),Submission (rear-naked choke),,def.,01:39,Featherweight
,San Jose,"June 27, 2008",Strikeforce: Melendez vs. Thomson,3,Cyrillo Padilha,,Jesse Jones,,Decision (unanimous),,def.,05:00,Welterweight
,San Jose,"June 27, 2008",Strikeforce: Melendez vs. Thomson,2,Jorge Interiano,,Travis Johnson,,TKO (doctor stoppage),,def.,03:00,Light Heavyweight
,San Jose,"June 27, 2008",Strikeforce: Melendez vs. Thomson,1,Alexander Trevino,/wiki/Alexander_Trevino,Eric Jacob,,Submission (armbar),,def.,00:37,Lightweight
,"Beverly Hills, California","September 20, 2008",Strikeforce: At The Mansion II,3,Trevor Prangley,/wiki/Trevor_Prangley,Anthony Ruiz,/wiki/Anthony_Ruiz,"Decision (unanimous) (29â€“28, 30â€“27, 30â€“26)",,def.,05:00,Light Heavyweight
,"Beverly Hills, California","September 20, 2008",Strikeforce: At The Mansion II,1,Mitsuhiro Ishida,/wiki/Mitsuhiro_Ishida,Justin Wilcox,/wiki/Justin_Wilcox,Submission (armbar),,def.,01:21,Lightweight
,"Beverly Hills, California","September 20, 2008",Strikeforce: At The Mansion II,3,Terry Martin,/wiki/Terry_Martin_(fighter),Cory Devela,/wiki/Cory_Devela,TKO (strikes),,def.,02:08,Middleweight
,"Beverly Hills, California","September 20, 2008",Strikeforce: At The Mansion II,1,Josh Thomson,/wiki/Josh_Thomson,Ashe Bowman,,TKO (punches),,def.,01:14,Lightweight
,"Beverly Hills, California","September 20, 2008",Strikeforce: At The Mansion II,2,Kazuo Misaki,/wiki/Kazuo_Misaki,Joe Riggs,/wiki/Joe_Riggs,TKO (punches),,def.,02:29,Middleweight
,"Beverly Hills, California","September 20, 2008",Strikeforce: At The Mansion II,1,Luke Stewart,/wiki/Luke_Stewart,Jesse Juarez,/wiki/Jesse_Juarez,Submission (armbar),,def.,04:55,Welterweight
,"Beverly Hills, California","September 20, 2008",Strikeforce: At The Mansion II,1,Eric Lawson,/wiki/Eric_Lawson,Kenneth Seegrist,,Submission (rear-naked choke),,def.,03:07,Middleweight
,"Beverly Hills, California","September 20, 2008",Strikeforce: At The Mansion II,3,Brandon Magana,,Brandon Thatch,/wiki/Brandon_Thatch,"Decision (split) (29â€“28, 28â€“29, 29â€“28)",,def.,03:00,Welterweight
,"Beverly Hills, California","September 20, 2008",Strikeforce: At The Mansion II,3,Jesse Gillespie,,Dave Martin,,"Decision (split) (27â€“30, 29â€“28, 29â€“28)",,def.,03:00,Catchweight (195Â lb)
,"Broomfield, Colorado","October 3, 2008",Strikeforce: Payback,1,Duane Ludwig,/wiki/Duane_Ludwig,Sammy Morgan,/wiki/Sammy_Morgan_(fighter),TKO (punches),,def.,02:01, (165Â lb)
,"Broomfield, Colorado","October 3, 2008",Strikeforce: Payback,3,Frank Trigg,/wiki/Frank_Trigg,Falaniko Vitale,/wiki/Falaniko_Vitale,"Decision (unanimous) (29â€“28, 29â€“28, 30â€“27)",,def.,05:00,Middleweight
,"Broomfield, Colorado","October 3, 2008",Strikeforce: Payback,3,Donnie Liles,,Pete Spratt,/wiki/Pete_Spratt,Submission (rear-naked choke),,def.,01:59,Welterweight
,"Broomfield, Colorado","October 3, 2008",Strikeforce: Payback,3,Billy Evangelista,/wiki/Billy_Evangelista,Luke Caudillo,/wiki/Luke_Caudillo,"Decision (unanimous) (29â€“28, 29â€“28, 30â€“27)",,def.,05:00,Lightweight
,"Broomfield, Colorado","October 3, 2008",Strikeforce: Payback,1,Carlos Zevallos,,Andre Walker,,TKO (punches),,def.,04:49,Light Heavyweight
,"Broomfield, Colorado","October 3, 2008",Strikeforce: Payback,1,Michelle Waterson,/wiki/Michelle_Waterson,Tyra Parker,,Submission (rear-naked choke),,def.,01:20,Women's Flyweight
,"Broomfield, Colorado","October 3, 2008",Strikeforce: Payback,2,Tyler Toner,/wiki/Tyler_Toner,Ricky Johnson,,TKO (punches),,def.,03:44,Featherweight
,"Broomfield, Colorado","October 3, 2008",Strikeforce: Payback,1,Drew Dober,/wiki/Drew_Dober,Lumumba Sayers,/wiki/Lumumba_Sayers,KO (punch),,def.,00:16,Welterweight
,"Broomfield, Colorado","October 3, 2008",Strikeforce: Payback,3,Alan Gomez,,Jordan Goodwin,,Decision (unanimous),,def.,05:00,Lightweight
,"Broomfield, Colorado","October 3, 2008",Strikeforce: Payback,3,Eric Galvan,,Jeremy Malaterre,,"Decision (split) (29â€“28, 30â€“27, 28â€“29)",,def.,05:00,Lightweight
,"Broomfield, Colorado","October 3, 2008",Strikeforce: Payback,1,Turrell Galloway,,Brett Tillis,,Submission (rear-naked choke),,def.,01:21,Catchweight (140Â lb)
,"Broomfield, Colorado","October 3, 2008",Strikeforce: Payback,1,Aaron Trujillo,,Haven Torres,,TKO (punches),,def.,02:59,Flyweight
,"San Jose, California","November 21, 2008",Strikeforce: Destruction,1,Renato Sobral,/wiki/Renato_Sobral,Bobby Southworth,/wiki/Bobby_Southworth,TKO (doctor stoppage),,def.,05:00,Light Heavyweight
,"San Jose, California","November 21, 2008",Strikeforce: Destruction,3,Duane Ludwig,/wiki/Duane_Ludwig,Yves Edwards,/wiki/Yves_Edwards,"Decision (unanimous) (29-28, 29-28, 29-28)",,def.,05:00,160 lb. Catchweight
,"San Jose, California","November 21, 2008",Strikeforce: Destruction,1,Scott Smith,/wiki/Scott_Smith_(fighter),Terry Martin,/wiki/Terry_Martin_(fighter),KO (punch),,def.,00:29,Middleweight
,"San Jose, California","November 21, 2008",Strikeforce: Destruction,2,Joe Riggs,/wiki/Joe_Riggs,Luke Stewart,/wiki/Luke_Stewart,TKO (punches),,def.,02:05,Welterweight
,"San Jose, California","November 21, 2008",Strikeforce: Destruction,1,Luke Rockhold,/wiki/Luke_Rockhold,Nik Theotikos,,Submission (rear-naked choke),,def.,03:06,Middleweight
,"San Jose, California","November 21, 2008",Strikeforce: Destruction,1,Kim Couture,/wiki/Kim_Couture,Lina Kvokov,,TKO (punches),,def.,03:44,Women's Bantamweight
,"San Jose, California","November 21, 2008",Strikeforce: Destruction,3,Darren Uyenoyama,/wiki/Darren_Uyenoyama,Brad Royster,,Decision (unanimous),,def.,05:00,Bantamweight
,"San Jose, California","November 21, 2008",Strikeforce: Destruction,2,Alvin Cacdac,,Jose Palacios,,Submission (rear-naked choke),,def.,03:10,Featherweight
,"San Jose, California","November 21, 2008",Strikeforce: Destruction,1,Zak Bucia,/wiki/Zak_Bucia,Adam Steel,,Submission (guillotine choke),,def.,00:35,Welterweight
,"San Jose, California","April 11, 2009",Strikeforce: Shamrock vs. Diaz,2,Gilbert Melendez,/wiki/Gilbert_Melendez,Rodrigo Damm,/wiki/Rodrigo_Damm,KO (punches),,def.,02:02,Lightweight
,"San Jose, California","April 11, 2009",Strikeforce: Shamrock vs. Diaz,2,Nick Diaz,/wiki/Nick_Diaz,Frank Shamrock,/wiki/Frank_Shamrock,TKO (punches),,def.,03:57,Catchweight (179 lb)
,"San Jose, California","April 11, 2009",Strikeforce: Shamrock vs. Diaz,3,Scott Smith,/wiki/Scott_Smith_(fighter),Benji Radach,/wiki/Benji_Radach,KO (punch),,def.,03:24,Middleweight
,"San Jose, California","April 11, 2009",Strikeforce: Shamrock vs. Diaz,3,Cristiane Justino,/wiki/Cristiane_Justino,Hitomi Akano,/wiki/Hitomi_Akano,TKO (punches),,def.,00:35,Catchweight (151 lb)
,"San Jose, California","April 11, 2009",Strikeforce: Shamrock vs. Diaz,2,Brett Rogers,/wiki/Brett_Rogers,Ron Humphrey,,TKO (knees),,def.,01:38,Heavyweight
,"San Jose, California","April 11, 2009",Strikeforce: Shamrock vs. Diaz,1,Luke Rockhold,/wiki/Luke_Rockhold,Buck Meredith,,Submission (rear-naked choke),,def.,04:07,Middleweight
,"San Jose, California","April 11, 2009",Strikeforce: Shamrock vs. Diaz,1,Eric Lawson,/wiki/Eric_Lawson,Waylon Kennell,,TKO (punches),,def.,04:54,Middleweight
,"San Jose, California","April 11, 2009",Strikeforce: Shamrock vs. Diaz,1,Raul Castillo,/wiki/Raul_Castillo,Brandon Michaels,,Submission (rear-naked choke),,def.,01:45,Catchweight (187.5 lb)
,"San Jose, California","April 11, 2009",Strikeforce: Shamrock vs. Diaz,3,James Terry,/wiki/James_Terry_(fighter),Zak Bucia,/wiki/Zak_Bucia,Decision (unanimous),,def.,05:00,Welterweight
,"San Jose, California","April 11, 2009",Strikeforce: Shamrock vs. Diaz,2,Shingo Kohara,,Jeremy Tavares,,KO (knee),,def.,00:04,Bantamweight
,St. Louis,"June 6, 2009",Strikeforce: Lawler vs. Shields,1,Jake Shields,/wiki/Jake_Shields,Robbie Lawler,/wiki/Robbie_Lawler,Submission (guillotine choke),,def.,02:02,Catchweight (182Â lb)
,St. Louis,"June 6, 2009",Strikeforce: Lawler vs. Shields,1,Brett Rogers,/wiki/Brett_Rogers,Andrei Arlovski,/wiki/Andrei_Arlovski,TKO (punches),,def.,00:22,Heavyweight
,St. Louis,"June 6, 2009",Strikeforce: Lawler vs. Shields,3,Nick Diaz,/wiki/Nick_Diaz,Scott Smith,/wiki/Scott_Smith_(fighter),Submission (rear-naked choke),,def.,01:41,Catchweight (180Â lb)
,St. Louis,"June 6, 2009",Strikeforce: Lawler vs. Shields,3,Joe Riggs,/wiki/Joe_Riggs,Phil Baroni,/wiki/Phil_Baroni,"Decision (unanimous) (30â€“27, 30â€“27, 30â€“27)",,def.,05:00,Welterweight
,St. Louis,"June 6, 2009",Strikeforce: Lawler vs. Shields,2,Mike Kyle,/wiki/Mike_Kyle,Rafael Cavalcante,/wiki/Rafael_Cavalcante,KO (punches),,def.,04:05,Light Heavyweight
,St. Louis,"June 6, 2009",Strikeforce: Lawler vs. Shields,3,Mike Whitehead,/wiki/Mike_Whitehead,Kevin Randleman,/wiki/Kevin_Randleman,"Decision (unanimous) (29â€“28, 29â€“28, 29â€“28)",,def.,05:00,Light Heavyweight
,St. Louis,"June 6, 2009",Strikeforce: Lawler vs. Shields,1,Jesse Finney,,Josh Bumgarner,,Submission (kimura),,def.,01:55,Catchweight (175Â lb)
,St. Louis,"June 6, 2009",Strikeforce: Lawler vs. Shields,1,Lucas Lopes,/wiki/Lucas_Lopes,Scott Ventimiglia,,Disqualification (illegal knee),,def.,03:26,Middleweight
,St. Louis,"June 6, 2009",Strikeforce: Lawler vs. Shields,1,Tyron Woodley,/wiki/Tyron_Woodley,Sal Woods,,Submission (arm triangle choke),,def.,04:20,Welterweight
,St. Louis,"June 6, 2009",Strikeforce: Lawler vs. Shields,1,Booker DeRousse,,James Wade,,TKO (punches),,def.,04:06,Light Heavyweight
,St. Louis,"June 6, 2009",Strikeforce: Lawler vs. Shields,1,Pat Benson,,Dave Cochran,,Submission (armbar),,def.,02:42,Lightweight
,"San Jose, California","August 15, 2009",Strikeforce: Carano vs. Cyborg,1,Cristiane Justino,/wiki/Cristiane_Justino,Gina Carano,/wiki/Gina_Carano,TKO (punches),,def.,04:59,Women's Featherweight
,"San Jose, California","August 15, 2009",Strikeforce: Carano vs. Cyborg,1,Gegard Mousasi,/wiki/Gegard_Mousasi,Renato Sobral,/wiki/Renato_Sobral,KO (punches),,def.,01:00,Light Heavyweight
,"San Jose, California","August 15, 2009",Strikeforce: Carano vs. Cyborg,3,Gilbert Melendez,/wiki/Gilbert_Melendez,Mitsuhiro Ishida,/wiki/Mitsuhiro_Ishida,TKO (punches),,def.,03:56,Lightweight
,"San Jose, California","August 15, 2009",Strikeforce: Carano vs. Cyborg,1,FabrÃ_cio Werdum,/wiki/Fabr%C3%ADcio_Werdum,Mike Kyle,/wiki/Mike_Kyle,Submission (guillotine choke),,def.,01:24,Heavyweight
,"San Jose, California","August 15, 2009",Strikeforce: Carano vs. Cyborg,3,Jay Hieron,/wiki/Jay_Hieron,Jesse Taylor,/wiki/Jesse_Taylor,"Decision (unanimous) (30â€“27, 30â€“27, 30â€“27)",,def.,05:00,Welterweight
,"San Jose, California","August 15, 2009",Strikeforce: Carano vs. Cyborg,3,Justin Wilcox,/wiki/Justin_Wilcox,David Douglas,/wiki/David_Douglas_(fighter),Submission (rear-naked choke),,def.,03:16,Lightweight
,"San Jose, California","August 15, 2009",Strikeforce: Carano vs. Cyborg,1,Alexander Trevino,/wiki/Alexander_Trevino,Isaiah Hill,,Submission (keylock),,def.,03:56,Lightweight
,"San Jose, California","August 15, 2009",Strikeforce: Carano vs. Cyborg,1,James Terry,/wiki/James_Terry_(fighter),Zak Bucia,/wiki/Zak_Bucia,TKO (head kick and punches),,def.,01:23,Welterweight
,"San Jose, California","August 15, 2009",Strikeforce: Carano vs. Cyborg,1,Scott Lighty,/wiki/Scott_Lighty,Mike Cook,,TKO (punch to the body),,def.,02:05,Light Heavyweight
,"Hoffman Estates, Illinois","November 7, 2009",Strikeforce: Fedor vs. Rogers,2,Fedor Emelianenko,/wiki/Fedor_Emelianenko,Brett Rogers,/wiki/Brett_Rogers,TKO (punches),,def.,01:48,Heavyweight
,"Hoffman Estates, Illinois","November 7, 2009",Strikeforce: Fedor vs. Rogers,5,Jake Shields,/wiki/Jake_Shields,Jason Miller,/wiki/Jason_Miller_(fighter),"Decision (unanimous) (49â€“46, 49â€“46, 48â€“47)",,def.,05:00,Middleweight
,"Hoffman Estates, Illinois","November 7, 2009",Strikeforce: Fedor vs. Rogers,2,Gegard Mousasi,/wiki/Gegard_Mousasi,Rameau Thierry Sokoudjou,/wiki/Rameau_Thierry_Sokoudjou,TKO (punches),,def.,03:43,Light Heavyweight
,"Hoffman Estates, Illinois","November 7, 2009",Strikeforce: Fedor vs. Rogers,3,FabrÃ_cio Werdum,/wiki/Fabr%C3%ADcio_Werdum,AntÃ´nio Silva,/wiki/Ant%C3%B4nio_Silva_(fighter),"Decision (unanimous) (29â€“28, 29â€“28, 29â€“28)",,def.,05:00,Heavyweight
,"Hoffman Estates, Illinois","November 7, 2009",Strikeforce: Fedor vs. Rogers,1,Marloes Coenen,/wiki/Marloes_Coenen,Roxanne Modafferi,/wiki/Roxanne_Modafferi,Submission (armbar),,def.,01:05,Women's Featherweight
,"Hoffman Estates, Illinois","November 7, 2009",Strikeforce: Fedor vs. Rogers,1,Jeff Curran,/wiki/Jeff_Curran,Dustin Neace,/wiki/Dustin_Neace,Verbal submission (rib injury),,def.,01:39,Catchweight (150Â lb)
,"Hoffman Estates, Illinois","November 7, 2009",Strikeforce: Fedor vs. Rogers,2,Nate Moore,/wiki/Nate_Moore,Louis Taylor,/wiki/Louis_Taylor,Submission (punches),,def.,03:24,Middleweight
,"Hoffman Estates, Illinois","November 7, 2009",Strikeforce: Fedor vs. Rogers,3,Shamar Bailey,/wiki/Shamar_Bailey,John Kolosci,/wiki/John_Kolosci,"Decision (unanimous) (29â€“27, 29â€“27, 29â€“27)",,def.,05:00,Middleweight
,"Hoffman Estates, Illinois","November 7, 2009",Strikeforce: Fedor vs. Rogers,3,Christian Uflacker,/wiki/Christian_Uflacker,Jonatas Novaes,,"Decision (unanimous) (30â€“25, 30â€“25, 29â€“26)",,def.,05:00,Welterweight
,"San Jose, CA","December 19, 2009",Strikeforce: Evolution,3,Scott Smith,/wiki/Scott_Smith_(fighter),Cung Le,/wiki/Cung_Le,KO (Punches),,def.,03:25,Middleweight
,"San Jose, CA","December 19, 2009",Strikeforce: Evolution,5,Gilbert Melendez,/wiki/Gilbert_Melendez,Josh Thomson,/wiki/Josh_Thomson,Decision (unanimous),,def.,05:00,Lightweight
,"San Jose, CA","December 19, 2009",Strikeforce: Evolution,1,Ronaldo Souza,/wiki/Ronaldo_Souza,Matt Lindland,/wiki/Matt_Lindland,Submission (arm-triangle choke),,def.,04:18,Middleweight
,"San Jose, CA","December 19, 2009",Strikeforce: Evolution,1,Muhammed Lawal,/wiki/Muhammed_Lawal,Mike Whitehead,/wiki/Mike_Whitehead,KO (punches),,def.,03:08,Heavyweight
,"San Jose, CA","December 19, 2009",Strikeforce: Evolution,1,Antwain Britt,/wiki/Antwain_Britt,Scott Lighty,/wiki/Scott_Lighty,TKO (doctor stoppage),,def.,05:00,Light Heavyweight
,"San Jose, CA","December 19, 2009",Strikeforce: Evolution,3,Justin Wilcox,/wiki/Justin_Wilcox,Daisuke Nakamura,/wiki/Daisuke_Nakamura_(fighter),Decision (unanimous),,def.,05:00,Lightweight
,"San Jose, CA","December 19, 2009",Strikeforce: Evolution,3,Alexander Crispim,,A.J. Fonseca,,Decision (unanimous),,def.,05:00,Featherweight
,"Sunrise, Florida","January 30, 2010",Strikeforce: Miami,1,Nick Diaz,/wiki/Nick_Diaz,Marius Å_aromskis,/wiki/Marius_%C5%BDaromskis,TKO (punches),,def.,04:38,Welterweight
,"Sunrise, Florida","January 30, 2010",Strikeforce: Miami,3,Cristiane Santos,/wiki/Cristiane_Santos,Marloes Coenen,/wiki/Marloes_Coenen,TKO (punches),,def.,03:40,Women's Featherweight
,"Sunrise, Florida","January 30, 2010",Strikeforce: Miami,3,Herschel Walker,/wiki/Herschel_Walker,Greg Nagy,,TKO (punches),,def.,02:17,Heavyweight
,"Sunrise, Florida","January 30, 2010",Strikeforce: Miami,1,Robbie Lawler,/wiki/Robbie_Lawler,Melvin Manhoef,/wiki/Melvin_Manhoef,KO (punch),,def.,03:33,Middleweight
,"Sunrise, Florida","January 30, 2010",Strikeforce: Miami,1,Bobby Lashley,/wiki/Bobby_Lashley,Wes Sims,/wiki/Wes_Sims_(fighter),TKO (punches),,def.,02:06,Heavyweight
,"Sunrise, Florida","January 30, 2010",Strikeforce: Miami,3,Jay Hieron,/wiki/Jay_Hieron,Joe Riggs,/wiki/Joe_Riggs,"Decision (unanimous) (29â€“28, 30â€“27, 30â€“27)",,def.,05:00,Welterweight
,"Sunrise, Florida","January 30, 2010",Strikeforce: Miami,2,John Kelly,,Sabah Homasi,/wiki/Sabah_Homasi,Submission (rear-naked choke),,def.,02:48,Welterweight
,"Sunrise, Florida","January 30, 2010",Strikeforce: Miami,2,Hayder Hassan,,Ryan Keenan,,KO (punch),,def.,02:42,Welterweight
,"Sunrise, Florida","January 30, 2010",Strikeforce: Miami,1,Pablo Alfonso,,Marcos da Matta,,Submission (armbar),,def.,01:47,Featherweight
,"Sunrise, Florida","January 30, 2010",Strikeforce: Miami,3,David Gomez,,Craig Oxley,,"Decision (unanimous) (30â€“27, 30â€“27, 30â€“27)",,def.,05:00,Lightweight
,"Sunrise, Florida","January 30, 2010",Strikeforce: Miami,1,Joe Ray,,John Clarke,,TKO (punches),,def.,03:14,Welterweight
,"Sunrise, Florida","January 30, 2010",Strikeforce: Miami,2,Jeffrey Cachia,,Matt Cooper,,KO (punches),,def.,02:26,Middleweight
,"Sunrise, Florida","January 30, 2010",Strikeforce: Miami,3,Michael Byrnes,/wiki/Michael_Byrnes,Dave Zitanick,,"Decision (majority) (29â€“29, 30â€“27, 30â€“27)",,def.,05:00,Welterweight
,"Nashville, Tennessee","April 17, 2010",Strikeforce: Nashville,5,Jake Shields,/wiki/Jake_Shields,Dan Henderson,/wiki/Dan_Henderson,"Decision (unanimous) (48-45, 49-45, 49-46)",,def.,05:00,Middleweight
,"Nashville, Tennessee","April 17, 2010",Strikeforce: Nashville,5,Gilbert Melendez,/wiki/Gilbert_Melendez,Shinya Aoki,/wiki/Shinya_Aoki,"Decision (unanimous) (50-45, 50-45, 50-45)",,def.,05:00,Lightweight
,"Nashville, Tennessee","April 17, 2010",Strikeforce: Nashville,5,Muhammed Lawal,/wiki/Muhammed_Lawal,Gegard Mousasi,/wiki/Gegard_Mousasi,"Decision (unanimous) (49-45, 49-45, 49-45)",,def.,05:00,Light Heavyweight
,"Nashville, Tennessee","April 17, 2010",Strikeforce: Nashville,1,Ovince St. Preux,/wiki/Ovince_St._Preux,Chris Hawk,,TKO (Punches),,def.,00:47,Light Heavyweight
,"Nashville, Tennessee","April 17, 2010",Strikeforce: Nashville,1,Andy Uhrich,/wiki/Andy_Uhrich,Dustin West,,Submission (rear-naked choke),,def.,01:36,Welterweight
,"Nashville, Tennessee","April 17, 2010",Strikeforce: Nashville,1,Jason Miller,/wiki/Jason_Miller_(fighter),Tim Stout,,TKO (punches),,def.,03:09,Middleweight
,"Nashville, Tennessee","April 17, 2010",Strikeforce: Nashville,2,Cale Yarbrough,/wiki/Cale_Yarbrough,Josh Schockman,,TKO (knee and punches),,def.,01:01,Light Heavyweight
,"Nashville, Tennessee","April 17, 2010",Strikeforce: Nashville,3,Zach Underwood,/wiki/Zach_Underwood,Hunter Worsham,,Decision (unanimous),,def.,05:00,Middleweight
,"Nashville, Tennessee","April 17, 2010",Strikeforce: Nashville,1,Dustin Ortiz,/wiki/Dustin_Ortiz,Justin Pennington,,Submission (rear-naked choke),,def.,04:27,Flyweight
,"Nashville, Tennessee","April 17, 2010",Strikeforce: Nashville,3,Cody Floyd,,Thomas Campbell,,KO (knee),,def.,00:41,Featherweight
,"St. Louis, Missouri","May 15, 2010",Strikeforce: Heavy Artillery,1,Alistair Overeem,/wiki/Alistair_Overeem,Brett Rogers,/wiki/Brett_Rogers,TKO (Punches),,def.,03:40,Heavyweight
,"St. Louis, Missouri","May 15, 2010",Strikeforce: Heavy Artillery,3,Antonio Silva,/wiki/Ant%C3%B4nio_Silva_(fighter),Andrei Arlovski,/wiki/Andrei_Arlovski,Decision (unanimous),,def.,05:00,Heavyweight
,"St. Louis, Missouri","May 15, 2010",Strikeforce: Heavy Artillery,3,Ronaldo Souza,/wiki/Ronaldo_Souza,Joey Villasenor,/wiki/Joey_Villasenor,Decision (unanimous),,def.,05:00,Middleweight
,"St. Louis, Missouri","May 15, 2010",Strikeforce: Heavy Artillery,2,Roger Gracie,/wiki/Roger_Gracie,Kevin Randleman,/wiki/Kevin_Randleman,Submission (rear-naked choke),,def.,04:10,Light Heavyweight
,"St. Louis, Missouri","May 15, 2010",Strikeforce: Heavy Artillery,1,Rafael Cavalcante,/wiki/Rafael_Cavalcante,Antwain Britt,/wiki/Antwain_Britt,KO (punches),,def.,03:45,Light Heavyweight
,"St. Louis, Missouri","May 15, 2010",Strikeforce: Heavy Artillery,3,Lyle Beerbohm,/wiki/Lyle_Beerbohm,Vitor Ribeiro,/wiki/Vitor_Ribeiro,Decision (split),,def.,05:00,Lightweight
,"St. Louis, Missouri","May 15, 2010",Strikeforce: Heavy Artillery,1,Jesse Finney,,Justin DeMoney,,Submission (guillotine choke),,def.,03:22,Catchweight (172 lb)
,"St. Louis, Missouri","May 15, 2010",Strikeforce: Heavy Artillery,3,Matt Ricehouse,/wiki/Matt_Ricehouse,Greg Wilson Jr.,,Submission (rear-naked choke),,def.,00:45,Lightweight
,"St. Louis, Missouri","May 15, 2010",Strikeforce: Heavy Artillery,1,Tom Aaron,,Erik Steenberg,,Submission (guillotine choke),,def.,00:56,Catchweight (157 lb)
,"St. Louis, Missouri","May 15, 2010",Strikeforce: Heavy Artillery,1,Francisco France,,Lee Brousseau,,Submission (rear-naked choke),,def.,01:27,Light Heavyweight
,"St. Louis, Missouri","May 15, 2010",Strikeforce: Heavy Artillery,1,Michael Chandler,/wiki/Michael_Chandler,Salvador Woods,,Submission (rear-naked choke),,def.,00:59,Welterweight
,"St. Louis, Missouri","May 15, 2010",Strikeforce: Heavy Artillery,3,Darryl Cobb,,Booker DeRousse,,Decision (split),,def.,05:00,Light Heavyweight
,"Los Angeles, California","June 16, 2010",Strikeforce: Los Angeles,3,Renato Sobral,/wiki/Renato_Sobral,Robbie Lawler,/wiki/Robbie_Lawler,"Decision (unanimous) (29â€“28, 29â€“28, 29â€“28)",,def.,05:00,Catchweight (195 lb)
,"Los Angeles, California","June 16, 2010",Strikeforce: Los Angeles,1,Evangelista Santos,/wiki/Evangelista_Santos,Marius Å_aromskis,/wiki/Marius_%C5%BDaromskis,TKO (head kick and punches),,def.,02:38,Welterweight
,"Los Angeles, California","June 16, 2010",Strikeforce: Los Angeles,1,Tim Kennedy,/wiki/Tim_F_Kennedy,Trevor Prangley,/wiki/Trevor_Prangley,Submission (rear-naked choke),,def.,03:35,Middleweight
,"Los Angeles, California","June 16, 2010",Strikeforce: Los Angeles,3,K.J. Noons,/wiki/K.J._Noons,Conor Heun,/wiki/Conor_Heun,"Decision (split) (27â€“30, 29â€“28, 29â€“28)",,def.,05:00,Catchweight (160 lb)
,"Los Angeles, California","June 16, 2010",Strikeforce: Los Angeles,2,Hugo Sandoval,,Marcus Kowal,,TKO (strikes),,def.,00:43,Bantamweight
,"Los Angeles, California","June 16, 2010",Strikeforce: Los Angeles,2,Jeremy Umphries,,R.J. Clifford,,Technical submission (rear-naked choke),,def.,02:27,Catchweight (160 lb)
,"San Jose, California","June 26, 2010",Strikeforce: Fedor vs. Werdum,1,FabrÃ_cio Werdum,/wiki/Fabr%C3%ADcio_Werdum,Fedor Emelianenko,/wiki/Fedor_Emelianenko,Submission (triangle armbar),,def.,01:09,Heavyweight
,"San Jose, California","June 26, 2010",Strikeforce: Fedor vs. Werdum,2,Cristiane Santos,/wiki/Cristiane_Santos,Jan Finney,/wiki/Jan_Finney,TKO (knee to the body),,def.,02:56,Women's Featherweight
,"San Jose, California","June 26, 2010",Strikeforce: Fedor vs. Werdum,2,Cung Le,/wiki/Cung_Le,Scott Smith,/wiki/Scott_Smith_(fighter),KO (spinning back kick and punches),,def.,01:46,Middleweight
,"San Jose, California","June 26, 2010",Strikeforce: Fedor vs. Werdum,3,Josh Thomson,/wiki/Josh_Thomson,Pat Healy,/wiki/Pat_Healy_(fighter),Submission (rear-naked choke),,def.,04:27,Lightweight
,"San Jose, California","June 26, 2010",Strikeforce: Fedor vs. Werdum,3,Bobby Stack,,Derrick Burnsed,,"Decision (split) (29â€“28, 27â€“30, 29â€“28)",,def.,05:00,Lightweight
,"San Jose, California","June 26, 2010",Strikeforce: Fedor vs. Werdum,2,Yancy Medeiros,/wiki/Yancy_Medeiros,Gareth Joseph,,KO (punches),,def.,01:19,Middleweight
,"San Jose, California","June 26, 2010",Strikeforce: Fedor vs. Werdum,3,Bret Bergmark,/wiki/Bret_Bergmark,Vagner Rocha,/wiki/Vagner_Rocha,"Decision (unanimous) (29â€“28, 30â€“27, 30â€“26)",,def.,05:00,Welterweight
,"San Jose, California","June 26, 2010",Strikeforce: Fedor vs. Werdum,2,Chris Cope,/wiki/Chris_Cope,Ron Keslar,/wiki/Ron_Keslar,TKO (head kick and punches),,def.,04:32,Middleweight
,"Houston, Texas","August 21, 2010",Strikeforce: Houston,3,Rafael Cavalcante,/wiki/Rafael_Cavalcante,Muhammed Lawal,/wiki/Muhammed_Lawal,TKO (punches and elbows),,def.,01:14,Light Heavyweight
,"Houston, Texas","August 21, 2010",Strikeforce: Houston,5,Ronaldo Souza,/wiki/Ronaldo_Souza,Tim Kennedy,/wiki/Tim_Kennedy_(fighter),Decision (unanimous),,def.,05:00,Middleweight
,"Houston, Texas","August 21, 2010",Strikeforce: Houston,2,K.J. Noons,/wiki/K.J._Noons,Jorge Gurgel,/wiki/Jorge_Gurgel,TKO (punches),,def.,00:19,Lightweight
,"Houston, Texas","August 21, 2010",Strikeforce: Houston,2,Chad Griggs,/wiki/Chad_Griggs,Bobby Lashley,/wiki/Bobby_Lashley,TKO (retirement),,def.,05:00,Heavyweight
,"Houston, Texas","August 21, 2010",Strikeforce: Houston,3,Andre Galvao,/wiki/Andre_Galvao,Jorge Patino,/wiki/Jorge_Patino,TKO (punches),,def.,02:45,Welterweight
,"Houston, Texas","August 21, 2010",Strikeforce: Houston,1,Daniel Cormier,/wiki/Daniel_Cormier,Jason Riley,,Submission (punches),,def.,01:02,Heavyweight
,"Houston, Texas","August 21, 2010",Strikeforce: Houston,3,Artenas Young,,Chad Cook,,Decision (unanimous),,def.,03:00,Light Heavyweight
,"Houston, Texas","August 21, 2010",Strikeforce: Houston,3,Chad Robichaux,,Humberto DeLeon,,Decision (split),,def.,03:00,Bantamweight
,"Houston, Texas","August 21, 2010",Strikeforce: Houston,1,Rey Trujillo,,Jose Santibanez,,TKO (punches),,def.,00:28,Lightweight
,"Houston, Texas","August 21, 2010",Strikeforce: Houston,1,Adam Schindler,/wiki/Adam_Schindler,Kierre Gooch,,Submission (rear-naked choke),,def.,01:58,Lightweight
,"Houston, Texas","August 21, 2010",Strikeforce: Houston,3,Vinicius MagalhÃ£es,/wiki/Vinicius_Magalh%C3%A3es_(Draculino),Rocky Long,,Decision (unanimous),,def.,03:00,Featherweight
,"San Jose, California","October 9, 2010",Strikeforce: Diaz vs. Noons II,5,Nick Diaz,/wiki/Nick_Diaz,K.J. Noons,/wiki/K.J._Noons,"Decision (unanimous) (48â€“47, 49â€“47, 49â€“46)",,def.,05:00,Welterweight
,"San Jose, California","October 9, 2010",Strikeforce: Diaz vs. Noons II,3,Marloes Coenen,/wiki/Marloes_Coenen,Sarah Kaufman,/wiki/Sarah_Kaufman_(fighter),Submission (armbar),,def.,01:59,Women's Bantamweight
,"San Jose, California","October 9, 2010",Strikeforce: Diaz vs. Noons II,3,Josh Thomson,/wiki/Josh_Thomson,Gesias Cavalcante,/wiki/Gesias_Cavalcante,"Decision (unanimous) (29â€“28, 29â€“28, 30â€“27)",,def.,05:00,Lightweight
,"San Jose, California","October 9, 2010",Strikeforce: Diaz vs. Noons II,1,Tyron Woodley,/wiki/Tyron_Woodley,AndrÃ© GalvÃ£o,/wiki/Andr%C3%A9_Galv%C3%A3o,TKO (punches),,def.,01:48,Welterweight
,"San Jose, California","October 9, 2010",Strikeforce: Diaz vs. Noons II,3,James Terry,/wiki/James_Terry_(fighter),David Marshall,,Decision (unanimous),,def.,05:00,Welterweight
,"San Jose, California","October 9, 2010",Strikeforce: Diaz vs. Noons II,3,Josh McDonald,,Ron Keslar,/wiki/Ron_Keslar,Decision (unanimous),,def.,05:00,Middleweight
,"San Jose, California","October 9, 2010",Strikeforce: Diaz vs. Noons II,2,Jess Bouscal,,Luis Mendoza,,Submission (arm-triangle choke),,def.,03:00,Lightweight
,"St. Louis, Missouri","December 4, 2010",Strikeforce: Henderson vs. Babalu II,1,Dan Henderson,/wiki/Dan_Henderson,Renato Sobral,/wiki/Renato_Sobral,KO (punches),,def.,01:53,Light Heavyweight
,"St. Louis, Missouri","December 4, 2010",Strikeforce: Henderson vs. Babalu II,1,Paul Daley,/wiki/Paul_Daley,Scott Smith,/wiki/Scott_Smith_(fighter),KO (punch),,def.,02:09,Welterweight
,"St. Louis, Missouri","December 4, 2010",Strikeforce: Henderson vs. Babalu II,2,AntÃ´nio Silva,/wiki/Ant%C3%B4nio_Silva_(fighter),Mike Kyle,/wiki/Mike_Kyle,TKO (punches),,def.,02:49,Heavyweight
,"St. Louis, Missouri","December 4, 2010",Strikeforce: Henderson vs. Babalu II,1,Robbie Lawler,/wiki/Robbie_Lawler,Matt Lindland,/wiki/Matt_Lindland,KO (punches),,def.,00:50,Middleweight
,"St. Louis, Missouri","December 4, 2010",Strikeforce: Henderson vs. Babalu II,3,Ovince St. Preux,/wiki/Ovince_St._Preux,Benji Radach,/wiki/Benji_Radach,"Decision (unanimous) (30â€“27, 30â€“26, 30â€“25)",,def.,05:00,Light Heavyweight
,"St. Louis, Missouri","December 4, 2010",Strikeforce: Henderson vs. Babalu II,1,J.W. Wright,,Josh Epps,,Submission (guillotine choke),,def.,01:29,Catchweight (130Â lb)
,"St. Louis, Missouri","December 4, 2010",Strikeforce: Henderson vs. Babalu II,2,Booker DeRousse,,Coltin Cole,,TKO (strikes),,def.,03:04,Middleweight
,"St. Louis, Missouri","December 4, 2010",Strikeforce: Henderson vs. Babalu II,1,Mike Glenn,,Lee Brousseau,,TKO (strikes),,def.,02:00,Light Heavyweight
,"St. Louis, Missouri","December 4, 2010",Strikeforce: Henderson vs. Babalu II,3,Matt Ricehouse,/wiki/Matt_Ricehouse,Tom Aaron,,"Decision (unanimous) (29â€“28, 30â€“27, 29â€“28)",,def.,05:00,Lightweight
,"St. Louis, Missouri","December 4, 2010",Strikeforce: Henderson vs. Babalu II,1,Cortez Coleman,/wiki/Cortez_Coleman,Lucas Lopes,/wiki/Lucas_Lopes,Submission (guillotine choke),,def.,02:04,Middleweight
,"St. Louis, Missouri","December 4, 2010",Strikeforce: Henderson vs. Babalu II,1,Patrick Cummins,/wiki/Patrick_Cummins_(fighter),Terrell Brown,,TKO (strikes),,def.,02:44,Light Heavyweight
,"St. Louis, Missouri","December 4, 2010",Strikeforce: Henderson vs. Babalu II,3,Justin Lawrence,/wiki/Justin_Lawrence,Max Martyniouk,,"Decision (technical) (30â€“27, 30â€“27, 30â€“27).",,def.,05:00,Lightweight
,"St. Louis, Missouri","December 4, 2010",Strikeforce: Henderson vs. Babalu II,3,Wayne Phillips,,Fernando Bettega,,"Decision (split) (29â€“28, 29â€“28, 28â€“29)",,def.,05:00,Welterweight
,"San Jose, California","January 29, 2011",Strikeforce: Diaz vs. Cyborg,2,Nick Diaz,/wiki/Nick_Diaz,Evangelista Santos,/wiki/Evangelista_Santos,Submission (armbar),,def.,04:50,Welterweight
,,,,,,,,,,,,,
,"San Jose, California","January 29, 2011",Strikeforce: Diaz vs. Cyborg,3,Ronaldo Souza,/wiki/Ronaldo_Souza,Robbie Lawler,/wiki/Robbie_Lawler,Submission (rear naked choke),,def.,02:00,Middleweight
,"San Jose, California","January 29, 2011",Strikeforce: Diaz vs. Cyborg,1,Herschel Walker,/wiki/Herschel_Walker,Scott Carson,,TKO (strikes),,def.,03:13,Heavyweight
,"San Jose, California","January 29, 2011",Strikeforce: Diaz vs. Cyborg,1,Roger Gracie,/wiki/Roger_Gracie,Trevor Prangley,/wiki/Trevor_Prangley,Submission (rear-naked choke),,def.,04:19,Light Heavyweight
,"San Jose, California","January 29, 2011",Strikeforce: Diaz vs. Cyborg,1,James Terry,/wiki/James_Terry_(fighter),Lucas Gamaza,,TKO (strikes),,def.,03:26,Welterweight
,"San Jose, California","January 29, 2011",Strikeforce: Diaz vs. Cyborg,1,Germaine de Randamie,/wiki/Germaine_de_Randamie,Stephanie Webber,,KO (knee),,def.,04:25,Women's Bantamweight
,"San Jose, California","January 29, 2011",Strikeforce: Diaz vs. Cyborg,2,Nate Moore,/wiki/Nate_Moore,Nathan Coy,/wiki/Nathan_Coy,KO (punches),,def.,00:25,Welterweight
,"San Jose, California","January 29, 2011",Strikeforce: Diaz vs. Cyborg,2,Jenna Castillo,,Charlene Gellner,,TKO (strikes),,def.,03:57,Women's Flyweight
,"San Jose, California","January 29, 2011",Strikeforce: Diaz vs. Cyborg,1,Isaiah Hill,,Bobby Stack,,Submission (triangle choke),,def.,01:02,Lightweight
,"San Jose, California","January 29, 2011",Strikeforce: Diaz vs. Cyborg,1,Ron Keslar,/wiki/Ron_Keslar,Eric Lawson,,Submission (armbar),,def.,01:57,Catchweight (180Â lb)
,"San Jose, California","January 29, 2011",Strikeforce: Diaz vs. Cyborg,3,Armin Safiari,,Sam Bracamonte,,Decision (unanimous),,def.,05:00,Welterweight
,"San Jose, California","January 29, 2011",Strikeforce: Diaz vs. Cyborg,3,Ricky Jackson,,Nikko Jackson,,Decision (unanimous),,def.,05:00,Catchweight (165Â lb)
,"San Jose, California","January 29, 2011",Strikeforce: Diaz vs. Cyborg,3,Anthony Dariano,,Alan Perez,,Decision (unanimous),,def.,05:00,Catchweight (150Â lb)
,"East Rutherford, New Jersey","February 12, 2011",Strikeforce: Fedor vs. Silva,2,AntÃ´nio Silva,/wiki/Ant%C3%B4nio_Silva_(fighter),Fedor Emelianenko,/wiki/Fedor_Emelianenko,TKO (doctor stoppage),,def.,05:00,Heavyweight
,"East Rutherford, New Jersey","February 12, 2011",Strikeforce: Fedor vs. Silva,1,Sergei Kharitonov,/wiki/Sergei_Kharitonov,Andrei Arlovski,/wiki/Andrei_Arlovski,KO (punches),,def.,02:49,Heavyweight
,"East Rutherford, New Jersey","February 12, 2011",Strikeforce: Fedor vs. Silva,1,Shane Del Rosario,/wiki/Shane_Del_Rosario,Lavar Johnson,/wiki/Lavar_Johnson,Submission (armbar),,def.,04:31,Heavyweight
,"East Rutherford, New Jersey","February 12, 2011",Strikeforce: Fedor vs. Silva,1,Chad Griggs,/wiki/Chad_Griggs,Gian Villante,/wiki/Gian_Villante,TKO (punches),,def.,02:49,Heavyweight
,"East Rutherford, New Jersey","February 12, 2011",Strikeforce: Fedor vs. Silva,1,Valentijn Overeem,/wiki/Valentijn_Overeem,Ray Sefo,/wiki/Ray_Sefo,Submission (neck crank),,def.,01:37,Heavyweight
,"East Rutherford, New Jersey","February 12, 2011",Strikeforce: Fedor vs. Silva,2,John Cholish,/wiki/John_Cholish,Marc Stevens,/wiki/Marc_Stevens_(fighter),Submission (kneebar),,def.,03:57,Catchweight (156Â lb)
,"East Rutherford, New Jersey","February 12, 2011",Strikeforce: Fedor vs. Silva,2,Igor Gracie,,John Salgado,,Technical submission (arm-triangle choke),,def.,03:04,Welterweight
,"East Rutherford, New Jersey","February 12, 2011",Strikeforce: Fedor vs. Silva,1,Sam Oropeza,/wiki/Sam_Oropeza,Don Carlo-Clauss,,Verbal submission (strikes),,def.,04:10,Welterweight
,"East Rutherford, New Jersey","February 12, 2011",Strikeforce: Fedor vs. Silva,1,Josh LaBerge,/wiki/Josh_LaBerge,Anthony Leone,/wiki/Anthony_Leone,TKO (doctor stoppage),,def.,05:00,Featherweight
,"East Rutherford, New Jersey","February 12, 2011",Strikeforce: Fedor vs. Silva,3,Jason McLean,,Kevin Roddy,/wiki/Kevin_Roddy,"Decision (split) (29â€“28, 28â€“29, 29â€“28)",,def.,05:00,Featherweight
,"Columbus, Ohio","March 5, 2011",Strikeforce: Feijao vs. Henderson,3,Dan Henderson,/wiki/Dan_Henderson,Rafael Cavalcante,/wiki/Rafael_Cavalcante,TKO (punches),,def.,00:50,Light Heavyweight
,"Columbus, Ohio","March 5, 2011",Strikeforce: Feijao vs. Henderson,4,Marloes Coenen,/wiki/Marloes_Coenen,Liz Carmouche,/wiki/Liz_Carmouche,Submission (triangle choke),,def.,01:29,Women's Bantamweight
,"Columbus, Ohio","March 5, 2011",Strikeforce: Feijao vs. Henderson,1,Tim Kennedy,/wiki/Tim_Kennedy_(fighter),Melvin Manhoef,/wiki/Melvin_Manhoef,Submission (rear-naked choke),,def.,03:41,Middleweight
,"Columbus, Ohio","March 5, 2011",Strikeforce: Feijao vs. Henderson,3,Jorge Masvidal,/wiki/Jorge_Masvidal,Billy Evangelista,/wiki/Billy_Evangelista,"Decision (unanimous) (30â€“27, 30â€“27, 30â€“27)",,def.,05:00,Lightweight
,"Columbus, Ohio","March 5, 2011",Strikeforce: Feijao vs. Henderson,1,Jorge Gurgel,/wiki/Jorge_Gurgel,Billy Vaughan,,Submission (guillotine choke),,def.,00:44,Lightweight
,"Columbus, Ohio","March 5, 2011",Strikeforce: Feijao vs. Henderson,2,John Kuhner,,J.P. Felty,,Submission (triangle choke),,def.,04:31,Welterweight
,"Columbus, Ohio","March 5, 2011",Strikeforce: Feijao vs. Henderson,1,Mitch Whitesel,,Marc Cofer,,Submission (guillotine choke),,def.,03:55,Middleweight
,"Columbus, Ohio","March 5, 2011",Strikeforce: Feijao vs. Henderson,1,Brian Rogers,/wiki/Brian_Rogers_(fighter),Ian Rammel,,TKO (strikes),,def.,04:23,Middleweight
,"Columbus, Ohio","March 5, 2011",Strikeforce: Feijao vs. Henderson,1,Jason Freeman,,Jason Riley,,Submission (strikes),,def.,01:52,Heavyweight
,"Columbus, Ohio","March 5, 2011",Strikeforce: Feijao vs. Henderson,3,Roger Bowling,/wiki/Roger_Bowling,Josh Thornburg,,"Decision (unanimous) (30â€“27, 30â€“27, 30â€“27)",,def.,05:00,Welterweight
,"San Diego, California","April 9, 2011",Strikeforce: Diaz vs. Daley,1,Nick Diaz,/wiki/Nick_Diaz,Paul Daley,/wiki/Paul_Daley,TKO (punches),,def.,04:57,Welterweight
,"San Diego, California","April 9, 2011",Strikeforce: Diaz vs. Daley,1,Gilbert Melendez,/wiki/Gilbert_Melendez,Tatsuya Kawajiri,/wiki/Tatsuya_Kawajiri,TKO (elbows),,def.,03:14,Lightweight
,"San Diego, California","April 9, 2011",Strikeforce: Diaz vs. Daley,3,Gegard Mousasi,/wiki/Gegard_Mousasi,Keith Jardine,/wiki/Keith_Jardine,"Draw (majority) (29â€“27, 28â€“28, 28â€“28)",,vs.,05:00,Light Heavyweight
,"San Diego, California","April 9, 2011",Strikeforce: Diaz vs. Daley,1,Shinya Aoki,/wiki/Shinya_Aoki,Lyle Beerbohm,/wiki/Lyle_Beerbohm,Submission (neck crank),,def.,01:33,Lightweight
,"San Diego, California","April 9, 2011",Strikeforce: Diaz vs. Daley,1,Casey Ryan,,Paul Song,,Submission (triangle choke),,def.,01:39,Middleweight
,"San Diego, California","April 9, 2011",Strikeforce: Diaz vs. Daley,3,Rolando Perez,/wiki/Rolando_Perez,Edgar Cardenas,,"Decision (unanimous) (30â€“27, 30â€“27, 30â€“27)",,def.,05:00,Catchweight (140 lbs)
,"San Diego, California","April 9, 2011",Strikeforce: Diaz vs. Daley,1,Herman Terrado,/wiki/Herman_Terrado,AJ Matthews,/wiki/AJ_Matthews,KO (punch),,def.,04:16,Welterweight
,"San Diego, California","April 9, 2011",Strikeforce: Diaz vs. Daley,2,Joe Duarte,/wiki/Joe_Duarte,Saad Awad,/wiki/Saad_Awad,Submission (armbar),,def.,02:45,Lightweight
,"San Diego, California","April 9, 2011",Strikeforce: Diaz vs. Daley,1,Virgil Zwicker,/wiki/Virgil_Zwicker,Brett Albee,,TKO (strikes),,def.,01:46,Heavyweight
,"San Diego, California","April 9, 2011",Strikeforce: Diaz vs. Daley,3,Robbie Peralta,/wiki/Robbie_Peralta,Hiroyuki Takaya,/wiki/Hiroyuki_Takaya,"Decision (split) (30â€“27, 30â€“27, 28â€“29)",,def.,05:00,Featherweight
,"Dallas, Texas","June 18, 2011",Strikeforce: Overeem vs. Werdum,3,Alistair Overeem,/wiki/Alistair_Overeem,FabrÃ_cio Werdum,/wiki/Fabr%C3%ADcio_Werdum,"Decision (unanimous) (30â€“27, 30â€“27, 29â€“28)",,def.,05:00,Heavyweight
,"Dallas, Texas","June 18, 2011",Strikeforce: Overeem vs. Werdum,2,Josh Barnett,/wiki/Josh_Barnett,Brett Rogers,/wiki/Brett_Rogers,Submission (arm triangle choke),,def.,01:17,Heavyweight
,"Dallas, Texas","June 18, 2011",Strikeforce: Overeem vs. Werdum,3,Jorge Masvidal,/wiki/Jorge_Masvidal,K.J. Noons,/wiki/K.J._Noons,"Decision (unanimous) (30â€“27, 30â€“27, 30â€“27)",,def.,05:00,Lightweight
,"Dallas, Texas","June 18, 2011",Strikeforce: Overeem vs. Werdum,3,Daniel Cormier,/wiki/Daniel_Cormier,Jeff Monson,/wiki/Jeff_Monson,"Decision (unanimous) (30â€“27, 30â€“27, 30â€“27)",,def.,05:00,Heavyweight
,"Dallas, Texas","June 18, 2011",Strikeforce: Overeem vs. Werdum,1,Chad Griggs,/wiki/Chad_Griggs,Valentijn Overeem,/wiki/Valentijn_Overeem,Submission (strikes),,def.,02:08,Heavyweight
,"Dallas, Texas","June 18, 2011",Strikeforce: Overeem vs. Werdum,2,Gesias Cavalcante,/wiki/Gesias_Cavalcante,Justin Wilcox,/wiki/Justin_Wilcox,No Contest (accidental eye poke),,vs.,00:31,Lightweight
,"Dallas, Texas","June 18, 2011",Strikeforce: Overeem vs. Werdum,3,Conor Heun,/wiki/Conor_Heun,Magno Almeida,,"Decision (unanimous) (29â€“28, 29â€“28, 29â€“28)",,def.,05:00,Lightweight
,"Dallas, Texas","June 18, 2011",Strikeforce: Overeem vs. Werdum,3,Nah-Shon Burrell,/wiki/Nah-Shon_Burrell,Joe Ray,,"Decision (unanimous) (29â€“28, 29â€“28, 29â€“28)",,def.,05:00,Catchweight (180 lbs)
,"Dallas, Texas","June 18, 2011",Strikeforce: Overeem vs. Werdum,3,Isaac Vallie-Flagg,/wiki/Isaac_Vallie-Flagg,Brian Melancon,/wiki/Brian_Melancon,"Decision (split) (28â€“29, 29â€“28, 29â€“28)",,def.,05:00,Catchweight (175 lbs)
,"Dallas, Texas","June 18, 2011",Strikeforce: Overeem vs. Werdum,3,Mike Bronzoulis,/wiki/Mike_Bronzoulis,Todd Moore,/wiki/Todd_Moore,"Decision (unanimous) (29â€“28, 29â€“28, 29â€“28)",,def.,05:00,Welterweight
,"Hoffman Estates, Illinois","July 30, 2011",Strikeforce: Fedor vs. Henderson,1,Dan Henderson,/wiki/Dan_Henderson,Fedor Emelianenko,/wiki/Fedor_Emelianenko,TKO (punches),,def.,04:12,Heavyweight
,"Hoffman Estates, Illinois","July 30, 2011",Strikeforce: Fedor vs. Henderson,4,Miesha Tate,/wiki/Miesha_Tate,Marloes Coenen,/wiki/Marloes_Coenen,Submission (arm triangle choke),,def.,03:03,Women's Bantamweight
,"Hoffman Estates, Illinois","July 30, 2011",Strikeforce: Fedor vs. Henderson,3,Tyron Woodley,/wiki/Tyron_Woodley,Paul Daley,/wiki/Paul_Daley,"Decision (unanimous) (29â€“28, 29â€“28, 29â€“28)",,def.,05:00,Welterweight
,"Hoffman Estates, Illinois","July 30, 2011",Strikeforce: Fedor vs. Henderson,3,Tim Kennedy,/wiki/Tim_Kennedy_(fighter),Robbie Lawler,/wiki/Robbie_Lawler,"Decision (unanimous) (30â€“27, 30â€“27, 30â€“27)",,def.,05:00,Middleweight
,"Hoffman Estates, Illinois","July 30, 2011",Strikeforce: Fedor vs. Henderson,3,Tarec Saffiedine,/wiki/Tarec_Saffiedine,Scott Smith,/wiki/Scott_Smith_(fighter),"Decision (unanimous) (30â€“27, 30â€“27, 30â€“26)",,def.,05:00,Welterweight
,"Hoffman Estates, Illinois","July 30, 2011",Strikeforce: Fedor vs. Henderson,3,Gesias Cavalcante,/wiki/Gesias_Cavalcante,Bobby Green,/wiki/Bobby_Green_(fighter),"Decision (split) (29â€“28, 29â€“28, 28â€“29)",,def.,05:00,Lightweight
,"Hoffman Estates, Illinois","July 30, 2011",Strikeforce: Fedor vs. Henderson,1,Derek Brunson,/wiki/Derek_Brunson,Lumumba Sayers,/wiki/Lumumba_Sayers,Submission (rear-naked choke),,def.,04:33,Middleweight
,"Hoffman Estates, Illinois","July 30, 2011",Strikeforce: Fedor vs. Henderson,3,Alexis Davis,/wiki/Alexis_Davis_(fighter),Julie Kedzie,/wiki/Julie_Kedzie,"Decision (unanimous) (30â€“27, 30â€“27, 29â€“28)",,def.,05:00,Women's Bantamweight
,"Hoffman Estates, Illinois","July 30, 2011",Strikeforce: Fedor vs. Henderson,1,Tyler Stinson,/wiki/Tyler_Stinson,Eduardo Pamplona,,KO (punch),,def.,00:15,Welterweight
,"Hoffman Estates, Illinois","July 30, 2011",Strikeforce: Fedor vs. Henderson,3,Gabriel Salinas-Jones,,Bryan Humes,,Submission (D'arce choke),,def.,01:19,Heavyweight
,"Cincinnati, Ohio","September 10, 2011",Strikeforce: Barnett vs. Kharitonov,5,Luke Rockhold,/wiki/Luke_Rockhold,Ronaldo Souza,/wiki/Ronaldo_Souza,"Decision (unanimous) (50â€“45, 48â€“47, 48â€“47)",,def.,05:00,Middleweight
,"Cincinnati, Ohio","September 10, 2011",Strikeforce: Barnett vs. Kharitonov,1,Josh Barnett,/wiki/Josh_Barnett,Sergei Kharitonov,/wiki/Sergei_Kharitonov,Submission (arm triangle choke),,def.,04:28,Heavyweight
,"Cincinnati, Ohio","September 10, 2011",Strikeforce: Barnett vs. Kharitonov,1,Daniel Cormier,/wiki/Daniel_Cormier,AntÃ´nio Silva,/wiki/Ant%C3%B4nio_Silva_(fighter),KO (punches),,def.,03:56,Heavyweight
,"Cincinnati, Ohio","September 10, 2011",Strikeforce: Barnett vs. Kharitonov,1,Muhammed Lawal,/wiki/Muhammed_Lawal,Roger Gracie,/wiki/Roger_Gracie,KO (punches),,def.,04:33,Light Heavyweight
,"Cincinnati, Ohio","September 10, 2011",Strikeforce: Barnett vs. Kharitonov,2,Pat Healy,/wiki/Pat_Healy_(fighter),Maximo Blanco,/wiki/Maximo_Blanco,Submission (rear-naked choke),,def.,04:27,Lightweight
,"Cincinnati, Ohio","September 10, 2011",Strikeforce: Barnett vs. Kharitonov,2,Rafael Cavalcante,/wiki/Rafael_Cavalcante,Yoel Romero,/wiki/Yoel_Romero,KO (punches),,def.,04:51,Light Heavyweight
,"Cincinnati, Ohio","September 10, 2011",Strikeforce: Barnett vs. Kharitonov,3,Jordan Mein,/wiki/Jordan_Mein,Evangelista Santos,/wiki/Evangelista_Santos,TKO (elbows),,def.,03:18,Welterweight
,"Cincinnati, Ohio","September 10, 2011",Strikeforce: Barnett vs. Kharitonov,3,Mike Kyle,/wiki/Mike_Kyle,Marcos RogÃ©rio de Lima,/wiki/Marcos_Rog%C3%A9rio_de_Lima,"Decision (unanimous) (29â€“28, 29â€“28, 30â€“27)",,def.,05:00,Light Heavyweight
,"Cincinnati, Ohio","September 10, 2011",Strikeforce: Barnett vs. Kharitonov,2,Alexis Davis,/wiki/Alexis_Davis_(fighter),Amanda Nunes,/wiki/Amanda_Nunes,TKO (punches),,def.,04:53,Women's Bantamweight
,"Cincinnati, Ohio","September 10, 2011",Strikeforce: Barnett vs. Kharitonov,3,Dominique Steele,/wiki/Dominique_Steele,Chris Mierzwiak,,"Decision (unanimous) (29â€“28, 29â€“27, 29â€“27)",,def.,05:00,Middleweight
,"San Diego, California","December 17, 2011",Strikeforce: Melendez vs. Masvidal,5,Gilbert Melendez,/wiki/Gilbert_Melendez,Jorge Masvidal,/wiki/Jorge_Masvidal,"Decision (unanimous) (50â€“45, 50â€“45, 49â€“46)",,def.,05:00,Lightweight
,"San Diego, California","December 17, 2011",Strikeforce: Melendez vs. Masvidal,1,Cristiane Santos,/wiki/Cristiane_Santos,Hiroko Yamanaka,/wiki/Hiroko_Yamanaka,TKO (punches),,def.,00:16,Women's Featherweight
,"San Diego, California","December 17, 2011",Strikeforce: Melendez vs. Masvidal,3,Gegard Mousasi,/wiki/Gegard_Mousasi,Ovince St. Preux,/wiki/Ovince_St._Preux,"Decision (unanimous) (29â€“28, 29â€“28, 29â€“28)",,def.,05:00,Light Heavyweight
,"San Diego, California","December 17, 2011",Strikeforce: Melendez vs. Masvidal,3,K.J. Noons,/wiki/K.J._Noons,Billy Evangelista,/wiki/Billy_Evangelista,"Decision (unanimous) (29â€“28, 29â€“28, 29â€“28)",,def.,05:00,Lightweight
,"San Diego, California","December 17, 2011",Strikeforce: Melendez vs. Masvidal,1,Roger Bowling,/wiki/Roger_Bowling_(fighter),Jerron Peoples,,KO (punches),,def.,00:42,Catchweight (181 lb)
,"San Diego, California","December 17, 2011",Strikeforce: Melendez vs. Masvidal,1,Caros Fodor,/wiki/Caros_Fodor,Justin Wilcox,/wiki/Justin_Wilcox,KO (punches),,def.,00:13,Lightweight
,"San Diego, California","December 17, 2011",Strikeforce: Melendez vs. Masvidal,3,Devin Cole,/wiki/Devin_Cole,Gabriel Salinas-Jones,,"Decision (unanimous) (30â€“27, 30â€“27, 30â€“27)",,def.,05:00,Heavyweight
,"San Diego, California","December 17, 2011",Strikeforce: Melendez vs. Masvidal,3,Herman Terrado,/wiki/Herman_Terrado,Chris Brown,,Submission (armbar),,def.,04:05,Welterweight
,"San Diego, California","December 17, 2011",Strikeforce: Melendez vs. Masvidal,3,Eddie Mendez,,Fernando Gonzalez,/wiki/Fernando_Gonzalez_(fighter),"Decision (split) (30â€“27, 28â€“29, 29â€“28)",,def.,05:00,Middleweight
,Paradise,"January 7, 2012",Strikeforce: Rockhold vs. Jardine,1,Luke Rockhold,/wiki/Luke_Rockhold,Keith Jardine,/wiki/Keith_Jardine,TKO (punches),,def.,04:26,Middleweight
,Paradise,"January 7, 2012",Strikeforce: Rockhold vs. Jardine,2,Muhammed Lawal,/wiki/Muhammed_Lawal,Lorenz Larkin,/wiki/Lorenz_Larkin,KO (punches),,def.,01:32,Light Heavyweight
,Paradise,"January 7, 2012",Strikeforce: Rockhold vs. Jardine,1,Robbie Lawler,/wiki/Robbie_Lawler,Adlan Amagov,/wiki/Adlan_Amagov,TKO (flying knee and punches),,def.,01:48,Middleweight
,Paradise,"January 7, 2012",Strikeforce: Rockhold vs. Jardine,3,Tyron Woodley,/wiki/Tyron_Woodley,Jordan Mein,/wiki/Jordan_Mein,"Decision (split) (28â€“29, 29â€“28, 30â€“27)",,def.,05:00,Welterweight
,Paradise,"January 7, 2012",Strikeforce: Rockhold vs. Jardine,3,Tarec Saffiedine,/wiki/Tarec_Saffiedine,Tyler Stinson,/wiki/Tyler_Stinson,"Decision (split) (28â€“29, 30â€“27, 29â€“28)",,def.,05:00,Welterweight
,Paradise,"January 7, 2012",Strikeforce: Rockhold vs. Jardine,3,Estevan Payan,/wiki/Estevan_Payan,Alonzo Martinez,/wiki/Alonzo_Martinez,"Decision (unanimous) (30â€“27, 30â€“27, 30â€“27)",,def.,05:00,Catchweight (160 lb)
,Paradise,"January 7, 2012",Strikeforce: Rockhold vs. Jardine,3,Ricky Legere,/wiki/Ricky_Legere,Chris Spang,/wiki/Chris_Spang,"Decision (unanimous) (29â€“28, 29â€“28, 29â€“28)",,def.,05:00,Lightweight
,Paradise,"January 7, 2012",Strikeforce: Rockhold vs. Jardine,1,Gian Villante,/wiki/Gian_Villante,Trevor Smith,/wiki/Trevor_Smith_(fighter),TKO (punches),,def.,01:05,Light Heavyweight
,Paradise,"January 7, 2012",Strikeforce: Rockhold vs. Jardine,3,Nah-Shon Burrell,/wiki/Nah-Shon_Burrell,James Terry,/wiki/James_Terry_(fighter),"Decision (split) (29â€“28, 28â€“29, 29â€“28)",,def.,05:00,Welterweight
,"Columbus, Ohio","March 3, 2012",Strikeforce: Tate vs. Rousey,1,Ronda Rousey,/wiki/Ronda_Rousey,Miesha Tate,/wiki/Miesha_Tate,Submission (armbar),,def.,04:27,Women's Bantamweight
,"Columbus, Ohio","March 3, 2012",Strikeforce: Tate vs. Rousey,3,Josh Thomson,/wiki/Josh_Thomson,K.J. Noons,/wiki/K.J._Noons,"Decision (unanimous) (29â€“28, 29â€“28, 29â€“28)",,def.,05:00,Lightweight
,"Columbus, Ohio","March 3, 2012",Strikeforce: Tate vs. Rousey,3,Kazuo Misaki,/wiki/Kazuo_Misaki,Paul Daley,/wiki/Paul_Daley,"Decision (split) (30â€“27, 28â€“29, 29â€“28)",,def.,05:00,Welterweight
,"Columbus, Ohio","March 3, 2012",Strikeforce: Tate vs. Rousey,3,Ronaldo Souza,/wiki/Ronaldo_Souza,Bristol Marunde,/wiki/Bristol_Marunde,Submission (arm-triangle choke),,def.,02:43,Middleweight
,"Columbus, Ohio","March 3, 2012",Strikeforce: Tate vs. Rousey,1,Lumumba Sayers,/wiki/Lumumba_Sayers,Scott Smith,/wiki/Scott_Smith_(fighter),Submission (guillotine choke),,def.,01:34,Middleweight
,"Columbus, Ohio","March 3, 2012",Strikeforce: Tate vs. Rousey,3,Sarah Kaufman,/wiki/Sarah_Kaufman_(fighter),Alexis Davis,/wiki/Alexis_Davis_(fighter),"Decision (majority) (29â€“29, 29â€“28, 29â€“28)",,def.,05:00,Women's Bantamweight
,"Columbus, Ohio","March 3, 2012",Strikeforce: Tate vs. Rousey,3,Pat Healy,/wiki/Pat_Healy_(fighter),Caros Fodor,/wiki/Caros_Fodor,Submission (arm-triangle choke),,def.,03:35,Lightweight
,"Columbus, Ohio","March 3, 2012",Strikeforce: Tate vs. Rousey,2,Roger Bowling,/wiki/Roger_Bowling_(fighter),Brandon Saling,,TKO (punches),,def.,01:15,Welterweight
,"Columbus, Ohio","March 3, 2012",Strikeforce: Tate vs. Rousey,3,Ryan Couture,/wiki/Ryan_Couture,Conor Heun,/wiki/Conor_Heun,TKO (punches),,def.,02:52,Lightweight
,"San Jose, California","May 19, 2012",Strikeforce: Barnett vs. Cormier,5,Daniel Cormier,/wiki/Daniel_Cormier,Josh Barnett,/wiki/Josh_Barnett,"Decision (unanimous) (49â€“46, 50â€“45, 50â€“45)",,def.,05:00,Heavyweight
,"San Jose, California","May 19, 2012",Strikeforce: Barnett vs. Cormier,5,Gilbert Melendez,/wiki/Gilbert_Melendez,Josh Thomson,/wiki/Josh_Thomson,"Decision (split) (47â€“48, 48â€“47, 48â€“47)",,def.,05:00,Lightweight
,"San Jose, California","May 19, 2012",Strikeforce: Barnett vs. Cormier,1,Rafael Cavalcante,/wiki/Rafael_Cavalcante,Mike Kyle,/wiki/Mike_Kyle,Submission (guillotine choke),,def.,00:33,Light Heavyweight
,"San Jose, California","May 19, 2012",Strikeforce: Barnett vs. Cormier,1,Chris SpÃ¥ng,/wiki/Chris_Sp%C3%A5ng,Nah-Shon Burrell,/wiki/Nah-Shon_Burrell,TKO (knees),,def.,03:25,Welterweight
,"San Jose, California","May 19, 2012",Strikeforce: Barnett vs. Cormier,3,Isaac Vallie-Flagg,/wiki/Isaac_Vallie-Flagg,Gesias Cavalcante,/wiki/Gesias_Cavalcante,"Decision (split) (29â€“28, 29â€“28, 28â€“29)",,def.,05:00,Lightweight
,"San Jose, California","May 19, 2012",Strikeforce: Barnett vs. Cormier,3,Bobby Green,/wiki/Bobby_Green_(fighter),James Terry,/wiki/James_Terry_(fighter),"Decision (split) (28â€“29, 29â€“28, 29â€“28)",,def.,05:00,Lightweight
,"San Jose, California","May 19, 2012",Strikeforce: Barnett vs. Cormier,3,Quinn Mulhern,/wiki/Quinn_Mulhern,Yuri Villefort,/wiki/Yuri_Villefort,"Decision (split) (30â€“27, 28â€“29, 29â€“28)",,def.,05:00,Welterweight
,"San Jose, California","May 19, 2012",Strikeforce: Barnett vs. Cormier,3,Gian Villante,/wiki/Gian_Villante,Derrick Mehmen,/wiki/Derrick_Mehmen,"Decision (unanimous) (29â€“28, 30â€“27, 30â€“27)",,def.,05:00,Light Heavyweight
,"San Jose, California","May 19, 2012",Strikeforce: Barnett vs. Cormier,3,Guto Inocente,/wiki/Guto_Inocente,Virgil Zwicker,/wiki/Virgil_Zwicker,"Decision (unanimous) (29â€“28, 29â€“28, 30â€“27)",,def.,05:00,Light Heavyweight
,"Portland, Oregon","July 14, 2012",Strikeforce: Rockhold vs. Kennedy,5,Luke Rockhold,/wiki/Luke_Rockhold,Tim Kennedy,/wiki/Tim_Kennedy_(fighter),"Decision (unanimous) (49â€“46, 49â€“46, 49â€“46)",,def.,05:00,Middleweight
,"Portland, Oregon","July 14, 2012",Strikeforce: Rockhold vs. Kennedy,4,Nate Marquardt,/wiki/Nate_Marquardt,Tyron Woodley,/wiki/Tyron_Woodley,KO (elbows and punches),,def.,01:39,Welterweight
,"Portland, Oregon","July 14, 2012",Strikeforce: Rockhold vs. Kennedy,3,Roger Gracie,/wiki/Roger_Gracie,Keith Jardine,/wiki/Keith_Jardine,"Decision (unanimous) (29â€“27, 30â€“27, 30â€“26)",,def.,05:00,Middleweight
,"Portland, Oregon","July 14, 2012",Strikeforce: Rockhold vs. Kennedy,3,Lorenz Larkin,/wiki/Lorenz_Larkin,Robbie Lawler,/wiki/Robbie_Lawler,"Decision (unanimous) (30â€“27, 30â€“27, 30â€“27)",,def.,05:00,Middleweight
,"Portland, Oregon","July 14, 2012",Strikeforce: Rockhold vs. Kennedy,3,Pat Healy,/wiki/Pat_Healy_(fighter),Mizuto Hirota,/wiki/Mizuto_Hirota,"Decision (unanimous) (30â€“27, 29â€“28, 29â€“28)",,def.,05:00,Lightweight
,"Portland, Oregon","July 14, 2012",Strikeforce: Rockhold vs. Kennedy,3,Ryan Couture,/wiki/Ryan_Couture,Joe Duarte,/wiki/Joe_Duarte,"Decision (split) (29â€“28, 28â€“29, 29â€“28)",,def.,05:00,Lightweight
,"Portland, Oregon","July 14, 2012",Strikeforce: Rockhold vs. Kennedy,3,Jorge Masvidal,/wiki/Jorge_Masvidal,Justin Wilcox,/wiki/Justin_Wilcox,"Decision (split) (29â€“28, 28â€“29, 30â€“27)",,def.,05:00,Lightweight
,"Portland, Oregon","July 14, 2012",Strikeforce: Rockhold vs. Kennedy,3,Jordan Mein,/wiki/Jordan_Mein,Tyler Stinson,/wiki/Tyler_Stinson,"Decision (unanimous) (30â€“27, 30â€“27, 30â€“27)",,def.,05:00,Welterweight
,"Portland, Oregon","July 14, 2012",Strikeforce: Rockhold vs. Kennedy,1,Jason High,/wiki/Jason_High,Nate Moore,/wiki/Nate_Moore,Submission (guillotine choke),,def.,00:26,Welterweight
,"San Diego, California","August 18, 2012",Strikeforce: Rousey vs. Kaufman,1,Ronda Rousey,/wiki/Ronda_Rousey,Sarah Kaufman,/wiki/Sarah_Kaufman_(fighter),Submission (armbar),,def.,00:54,Women's Bantamweight
,"San Diego, California","August 18, 2012",Strikeforce: Rousey vs. Kaufman,1,Ronaldo Souza,/wiki/Ronaldo_Souza,Derek Brunson,/wiki/Derek_Brunson,KO (punches),,def.,00:41,Middleweight
,"San Diego, California","August 18, 2012",Strikeforce: Rousey vs. Kaufman,3,Tarec Saffiedine,/wiki/Tarec_Saffiedine,Roger Bowling,/wiki/Roger_Bowling_(fighter),"Decision (unanimous) (30-27, 30-27, 30-27)",,def.,05:00,Welterweight
,"San Diego, California","August 18, 2012",Strikeforce: Rousey vs. Kaufman,1,Anthony Smith,/wiki/Anthony_Smith_(fighter),Lumumba Sayers,/wiki/Lumumba_Sayers,Submission (triangle choke),,def.,03:52,Middleweight
,"San Diego, California","August 18, 2012",Strikeforce: Rousey vs. Kaufman,3,Ovince St. Preux,/wiki/Ovince_St._Preux,T. J. Cook,/wiki/T._J._Cook,KO (punch),,def.,00:20,Light Heavyweight
,"San Diego, California","August 18, 2012",Strikeforce: Rousey vs. Kaufman,3,Miesha Tate,/wiki/Miesha_Tate,Julie Kedzie,/wiki/Julie_Kedzie,Submission (armbar),,def.,03:28,Women's Bantamweight
,"San Diego, California","August 18, 2012",Strikeforce: Rousey vs. Kaufman,1,Adlan Amagov,/wiki/Adlan_Amagov,Keith Berry,/wiki/Keith_Berry_(fighter),TKO (kick to the knee & punches),,def.,00:48,Middleweight
,"San Diego, California","August 18, 2012",Strikeforce: Rousey vs. Kaufman,3,Germaine de Randamie,/wiki/Germaine_de_Randamie,Hiroko Yamanaka,/wiki/Hiroko_Yamanaka,"Decision (unanimous) (30-27, 30-27, 30-27)",,def.,05:00,Women's Featherweight
,"San Diego, California","August 18, 2012",Strikeforce: Rousey vs. Kaufman,3,Bobby Green,/wiki/Bobby_Green_(fighter),Matt Ricehouse,/wiki/Matt_Ricehouse,"Decision (unanimous) (30-27, 30-27, 30-27)",,def.,05:00,Lightweight
,"Oklahoma City, Oklahoma","January 12, 2013",Strikeforce: Marquardt vs. Saffiedine,5,Tarec Saffiedine,/wiki/Tarec_Saffiedine,Nate Marquardt,/wiki/Nate_Marquardt,"Decision (unanimous) (48-47, 49-46, 49-46)",,def.,05:00,Welterweight
,"Oklahoma City, Oklahoma","January 12, 2013",Strikeforce: Marquardt vs. Saffiedine,2,Daniel Cormier,/wiki/Daniel_Cormier,Dion Staring,,TKO (punches),,def.,04:02,Heavyweight
,"Oklahoma City, Oklahoma","January 12, 2013",Strikeforce: Marquardt vs. Saffiedine,1,Josh Barnett,/wiki/Josh_Barnett,Nandor Guelmino,,Submission (arm triangle choke),,def.,02:11,Heavyweight
,"Oklahoma City, Oklahoma","January 12, 2013",Strikeforce: Marquardt vs. Saffiedine,1,Gegard Mousasi,/wiki/Gegard_Mousasi,Mike Kyle,/wiki/Mike_Kyle,Submission (rear-naked choke),,def.,04:09,Light Heavyweight
,"Oklahoma City, Oklahoma","January 12, 2013",Strikeforce: Marquardt vs. Saffiedine,1,Ronaldo Souza,/wiki/Ronaldo_Souza,Ed Herman,/wiki/Ed_Herman_(mixed_martial_artist),Submission (kimura),,def.,03:10,Catchweight (194 lbs)
,"Oklahoma City, Oklahoma","January 12, 2013",Strikeforce: Marquardt vs. Saffiedine,3,Ryan Couture,/wiki/Ryan_Couture,K.J. Noons,/wiki/K.J._Noons,"Decision (split) (29-28, 27-30, 29-28)",,def.,05:00,Lightweight
,"Oklahoma City, Oklahoma","January 12, 2013",Strikeforce: Marquardt vs. Saffiedine,3,Tim Kennedy,/wiki/Tim_Kennedy_(fighter),Trevor Smith,/wiki/Trevor_Smith_(fighter),Submission (guillotine choke),,def.,01:36,Middleweight
,"Oklahoma City, Oklahoma","January 12, 2013",Strikeforce: Marquardt vs. Saffiedine,3,Pat Healy,/wiki/Pat_Healy_(fighter),Kurt Holobaugh,,"Decision (unanimous) (29-28, 30-27, 30-27)",,def.,05:00,Lightweight
,"Oklahoma City, Oklahoma","January 12, 2013",Strikeforce: Marquardt vs. Saffiedine,2,Roger Gracie,/wiki/Roger_Gracie,Anthony Smith,/wiki/Anthony_Smith_(fighter),Submission (arm triangle choke),,def.,03:16,Middleweight
,"Oklahoma City, Oklahoma","January 12, 2013",Strikeforce: Marquardt vs. Saffiedine,3,Adriano Martins,/wiki/Adriano_Martins_(fighter),Jorge Gurgel,/wiki/Jorge_Gurgel,"Decision (unanimous) (30-27, 29-28, 29-28)",,def.,05:00,Lightweight
,"Oklahoma City, Oklahoma","January 12, 2013",Strikeforce: Marquardt vs. Saffiedine,2,Estevan Payan,/wiki/Estevan_Payan,Mike Bravo,,TKO (punches),,def.,04:01,Lightweight